CREATE DATABASE  IF NOT EXISTS `saessak` /*!40100 DEFAULT CHARACTER SET utf8mb4 COLLATE utf8mb4_general_ci */ /*!80016 DEFAULT ENCRYPTION='N' */;
USE `saessak`;
-- MySQL dump 10.13  Distrib 8.0.34, for Win64 (x86_64)
--
-- Host: i10a706.p.ssafy.io    Database: saessak
-- ------------------------------------------------------
-- Server version	8.3.0

/*!40101 SET @OLD_CHARACTER_SET_CLIENT=@@CHARACTER_SET_CLIENT */;
/*!40101 SET @OLD_CHARACTER_SET_RESULTS=@@CHARACTER_SET_RESULTS */;
/*!40101 SET @OLD_COLLATION_CONNECTION=@@COLLATION_CONNECTION */;
/*!50503 SET NAMES utf8 */;
/*!40103 SET @OLD_TIME_ZONE=@@TIME_ZONE */;
/*!40103 SET TIME_ZONE='+00:00' */;
/*!40014 SET @OLD_UNIQUE_CHECKS=@@UNIQUE_CHECKS, UNIQUE_CHECKS=0 */;
/*!40014 SET @OLD_FOREIGN_KEY_CHECKS=@@FOREIGN_KEY_CHECKS, FOREIGN_KEY_CHECKS=0 */;
/*!40101 SET @OLD_SQL_MODE=@@SQL_MODE, SQL_MODE='NO_AUTO_VALUE_ON_ZERO' */;
/*!40111 SET @OLD_SQL_NOTES=@@SQL_NOTES, SQL_NOTES=0 */;

--
-- Table structure for table `alarm`
--

DROP TABLE IF EXISTS `alarm`;
/*!40101 SET @saved_cs_client     = @@character_set_client */;
/*!50503 SET character_set_client = utf8mb4 */;
CREATE TABLE `alarm` (
  `alarm_id` bigint NOT NULL AUTO_INCREMENT,
  `alarm_content` time(6) DEFAULT NULL,
  `alarm_date` date DEFAULT NULL,
  `alarm_type` varchar(255) COLLATE utf8mb4_general_ci DEFAULT NULL,
  `kid_id` bigint DEFAULT NULL,
  PRIMARY KEY (`alarm_id`),
  KEY `FKbnpp2mu1vciyrup66pt2ahswv` (`kid_id`),
  CONSTRAINT `FKbnpp2mu1vciyrup66pt2ahswv` FOREIGN KEY (`kid_id`) REFERENCES `kid` (`id`)
) ENGINE=InnoDB AUTO_INCREMENT=84 DEFAULT CHARSET=utf8mb4 COLLATE=utf8mb4_general_ci;
/*!40101 SET character_set_client = @saved_cs_client */;

--
-- Dumping data for table `alarm`
--

LOCK TABLES `alarm` WRITE;
/*!40000 ALTER TABLE `alarm` DISABLE KEYS */;
INSERT INTO `alarm` VALUES (1,'22:00:35.655000','2024-02-12','등원 알림',4),(4,'22:00:40.334000','2024-02-12','등원 알림',5),(5,'22:00:40.987000','2024-02-12','등원 알림',8),(6,'22:00:46.593000','2024-02-12','하원 알림',4),(9,'22:00:48.199000','2024-02-12','하원 알림',5),(10,'22:00:48.992000','2024-02-12','하원 알림',8),(11,'22:02:37.806000','2024-02-12','등원 알림',11),(15,'22:02:41.008000','2024-02-12','등원 알림',14),(16,'22:02:41.760000','2024-02-12','하원 알림',11),(20,'22:02:43.507000','2024-02-12','하원 알림',14),(42,'09:35:20.017000','2024-02-14','등원 알림',6),(43,NULL,'2024-02-14','귀가동의서 알림',6),(44,NULL,'2024-02-14','귀가동의서 알림',6),(46,NULL,'2024-02-14','알러지 알림',8),(48,'13:29:43.653000','2024-02-14','등원 알림',4),(49,'13:59:53.719000','2024-02-14','등원 알림',7),(52,'14:34:49.046000','2024-02-14','하원 알림',7),(53,'17:15:39.954000','2024-02-14','하원 알림',6),(54,'09:15:37.705000','2024-02-15','등원 알림',11),(55,'09:15:38.258000','2024-02-15','하원 알림',11),(56,'09:15:40.091000','2024-02-15','등원 알림',12),(57,'09:15:40.390000','2024-02-15','하원 알림',12),(58,'09:15:40.935000','2024-02-15','등원 알림',15),(59,'09:15:41.146000','2024-02-15','하원 알림',15),(62,'09:15:42.292000','2024-02-15','등원 알림',14),(63,'09:15:42.480000','2024-02-15','하원 알림',14),(64,NULL,'2024-02-15','귀가동의서 알림',13),(65,NULL,'2024-02-15','귀가동의서 알림',13),(72,'11:02:49.523000','2024-02-15','등원 알림',13),(75,'11:09:22.594000','2024-02-15','하원 알림',13),(77,NULL,'2024-02-15','알러지 알림',8),(78,NULL,'2024-02-15','알러지 알림',13),(79,'14:06:18.454000','2024-02-15','등원 알림',6),(80,'14:18:12.462000','2024-02-15','하원 알림',6),(81,'14:37:14.829000','2024-02-15','등원 알림',7),(82,'15:41:43.634000','2024-02-15','하원 알림',7),(83,'17:44:04.917000','2024-02-15','등원 알림',5);
/*!40000 ALTER TABLE `alarm` ENABLE KEYS */;
UNLOCK TABLES;

--
-- Table structure for table `album`
--

DROP TABLE IF EXISTS `album`;
/*!40101 SET @saved_cs_client     = @@character_set_client */;
/*!50503 SET character_set_client = utf8mb4 */;
CREATE TABLE `album` (
  `album_id` bigint NOT NULL AUTO_INCREMENT,
  `album_date` date DEFAULT NULL,
  `album_title` varchar(255) COLLATE utf8mb4_general_ci DEFAULT NULL,
  `classroom_id` bigint DEFAULT NULL,
  `kid_id` bigint DEFAULT NULL,
  PRIMARY KEY (`album_id`),
  KEY `FKqsjhlqq63h0u5164os68j6288` (`classroom_id`),
  KEY `FK4dq2dbj1uy48ebgv50pr4rff7` (`kid_id`),
  CONSTRAINT `FK4dq2dbj1uy48ebgv50pr4rff7` FOREIGN KEY (`kid_id`) REFERENCES `kid` (`id`),
  CONSTRAINT `FKqsjhlqq63h0u5164os68j6288` FOREIGN KEY (`classroom_id`) REFERENCES `classroom` (`classroom_id`)
) ENGINE=InnoDB AUTO_INCREMENT=157 DEFAULT CHARSET=utf8mb4 COLLATE=utf8mb4_general_ci;
/*!40101 SET character_set_client = @saved_cs_client */;

--
-- Dumping data for table `album`
--

LOCK TABLES `album` WRITE;
/*!40000 ALTER TABLE `album` DISABLE KEYS */;
INSERT INTO `album` VALUES (13,'2024-02-08','밝게 빛나는 햇님반의 이야기',1,NULL),(14,'2024-02-05','햇님반의 밝은 에너지',1,NULL),(15,'2024-01-31','신나는 놀이와 배움의 공간',1,NULL),(16,'2024-01-25','작은 별들의 햇님반 여행',1,NULL),(17,'2024-01-11','햇님반의 아름다운 순간들',1,NULL),(18,'2024-01-08','새로운 친구와 함께하는 햇님반',1,NULL),(19,'2024-02-08','밝게 빛나는 햇님반의 이야기',1,4),(20,'2024-02-08','밝게 빛나는 햇님반의 이야기',1,5),(21,'2024-02-08','밝게 빛나는 햇님반의 이야기',1,6),(22,'2024-02-08','밝게 빛나는 햇님반의 이야기',1,7),(23,'2024-02-08','밝게 빛나는 햇님반의 이야기',1,8),(24,'2024-02-05','햇님반의 밝은 에너지',1,4),(25,'2024-02-05','햇님반의 밝은 에너지',1,5),(26,'2024-02-05','햇님반의 밝은 에너지',1,6),(27,'2024-02-05','햇님반의 밝은 에너지',1,7),(28,'2024-02-05','햇님반의 밝은 에너지',1,8),(29,'2024-01-31','신나는 놀이와 배움의 공간',1,4),(30,'2024-01-31','신나는 놀이와 배움의 공간',1,5),(31,'2024-01-31','신나는 놀이와 배움의 공간',1,6),(32,'2024-01-31','신나는 놀이와 배움의 공간',1,7),(33,'2024-01-31','신나는 놀이와 배움의 공간',1,8),(34,'2024-01-25','작은 별들의 햇님반 여행',1,4),(35,'2024-01-25','작은 별들의 햇님반 여행',1,5),(36,'2024-01-25','작은 별들의 햇님반 여행',1,6),(37,'2024-01-25','작은 별들의 햇님반 여행',1,7),(38,'2024-01-25','작은 별들의 햇님반 여행',1,8),(39,'2024-01-11','햇님반의 아름다운 순간들',1,4),(40,'2024-01-11','햇님반의 아름다운 순간들',1,5),(41,'2024-01-11','햇님반의 아름다운 순간들',1,6),(42,'2024-01-11','햇님반의 아름다운 순간들',1,7),(43,'2024-01-11','햇님반의 아름다운 순간들',1,8),(50,'2024-01-08','새로운 친구와 함께하는 햇님반',1,4),(51,'2024-01-08','새로운 친구와 함께하는 햇님반',1,5),(52,'2024-01-08','새로운 친구와 함께하는 햇님반',1,6),(53,'2024-01-08','새로운 친구와 함께하는 햇님반',1,7),(54,'2024-01-08','새로운 친구와 함께하는 햇님반',1,8),(104,'2024-01-22','행복한 놀이와 배움의 시간',1,NULL),(105,'2024-01-22','행복한 놀이와 배움의 시간',1,4),(106,'2024-01-22','행복한 놀이와 배움의 시간',1,5),(107,'2024-01-22','행복한 놀이와 배움의 시간',1,6),(108,'2024-01-22','행복한 놀이와 배움의 시간',1,7),(109,'2024-01-22','행복한 놀이와 배움의 시간',1,8),(113,'2024-01-17','햇님반의 즐거운 추억들',1,NULL),(114,'2024-01-17','햇님반의 즐거운 추억들',1,4),(115,'2024-01-17','햇님반의 즐거운 추억들',1,5),(116,'2024-01-17','햇님반의 즐거운 추억들',1,6),(117,'2024-01-17','햇님반의 즐거운 추억들',1,7),(118,'2024-01-17','햇님반의 즐거운 추억들',1,8),(119,'2024-01-15','사랑과 따뜻함이 넘치는 햇님반',1,NULL),(120,'2024-01-15','사랑과 따뜻함이 넘치는 햇님반',1,4),(121,'2024-01-15','사랑과 따뜻함이 넘치는 햇님반',1,5),(122,'2024-01-15','사랑과 따뜻함이 넘치는 햇님반',1,6),(123,'2024-01-15','사랑과 따뜻함이 넘치는 햇님반',1,7),(124,'2024-01-03','창의적인 발견과 배움의 여정',1,NULL),(125,'2024-01-03','창의적인 발견과 배움의 여정',1,4),(126,'2024-01-03','창의적인 발견과 배움의 여정',1,6),(127,'2024-01-03','창의적인 발견과 배움의 여정',1,7),(128,'2024-01-03','창의적인 발견과 배움의 여정',1,8),(143,'2024-02-13','별님반의 창의적 발견',2,NULL),(144,'2024-02-13','별님반의 창의적 발견',2,11),(145,'2024-02-13','별님반의 창의적 발견',2,12),(146,'2024-02-13','별님반의 창의적 발견',2,13),(147,'2024-02-13','별님반의 창의적 발견',2,14),(148,'2024-02-13','별님반의 창의적 발견',2,15),(149,'2024-02-07','별님반의 즐거운 놀이 시간',2,NULL),(150,'2024-02-07','별님반의 즐거운 놀이 시간',2,11),(151,'2024-02-07','별님반의 즐거운 놀이 시간',2,12),(152,'2024-02-07','별님반의 즐거운 놀이 시간',2,13),(153,'2024-02-07','별님반의 즐거운 놀이 시간',2,14),(154,'2024-02-07','별님반의 즐거운 놀이 시간',2,15);
/*!40000 ALTER TABLE `album` ENABLE KEYS */;
UNLOCK TABLES;

--
-- Table structure for table `attendance`
--

DROP TABLE IF EXISTS `attendance`;
/*!40101 SET @saved_cs_client     = @@character_set_client */;
/*!50503 SET character_set_client = utf8mb4 */;
CREATE TABLE `attendance` (
  `attendance_id` bigint NOT NULL AUTO_INCREMENT,
  `attendance_date` date DEFAULT NULL,
  `attendance_in_time` time(6) DEFAULT NULL,
  `attendance_out_time` time(6) DEFAULT NULL,
  `kid_id` bigint DEFAULT NULL,
  PRIMARY KEY (`attendance_id`),
  KEY `FKj4kmcmqc1jygkhuq6ekytvpf2` (`kid_id`),
  CONSTRAINT `FKj4kmcmqc1jygkhuq6ekytvpf2` FOREIGN KEY (`kid_id`) REFERENCES `kid` (`id`)
) ENGINE=InnoDB AUTO_INCREMENT=357 DEFAULT CHARSET=utf8mb4 COLLATE=utf8mb4_general_ci;
/*!40101 SET character_set_client = @saved_cs_client */;

--
-- Dumping data for table `attendance`
--

LOCK TABLES `attendance` WRITE;
/*!40000 ALTER TABLE `attendance` DISABLE KEYS */;
INSERT INTO `attendance` VALUES (1,'2024-02-12','08:50:00.000000','15:50:00.000000',4),(2,'2024-02-12','08:50:00.000000','15:50:00.000000',6),(3,'2024-02-12','08:53:00.000000','12:30:00.000000',7),(4,'2024-02-12','10:50:00.000000','16:23:00.000000',5),(5,'2024-02-12','09:50:00.000000',NULL,8),(6,'2024-02-12','09:10:00.000000',NULL,11),(7,'2024-02-12','08:50:00.000000','15:20:00.000000',12),(8,'2024-02-12','08:10:00.000000','16:23:00.000000',15),(9,'2024-02-12','10:50:00.000000','12:50:00.000000',13),(10,'2024-02-12','00:00:00.000000',NULL,14),(11,'2024-01-01','08:50:00.000000',NULL,4),(12,'2024-01-02','09:00:00.000000','15:00:00.000000',4),(13,'2024-01-03','09:00:00.000000','15:00:00.000000',4),(14,'2024-01-04','09:00:00.000000','15:00:00.000000',4),(15,'2024-01-05','09:00:00.000000','15:00:00.000000',4),(16,'2024-01-08','09:00:00.000000','15:00:00.000000',4),(17,'2024-01-09','09:00:00.000000','15:00:00.000000',4),(18,'2024-01-10','09:00:00.000000',NULL,4),(19,'2024-01-11','09:00:00.000000','15:00:00.000000',4),(20,'2024-01-12','09:00:00.000000','15:00:00.000000',4),(21,'2024-01-15','09:00:00.000000','15:00:00.000000',4),(22,'2024-01-16','09:00:00.000000','15:00:00.000000',4),(23,'2024-01-17','09:00:00.000000','15:00:00.000000',4),(24,'2024-01-18','09:00:00.000000','15:00:00.000000',4),(25,'2024-01-19','09:00:00.000000','15:00:00.000000',4),(26,'2024-01-22','09:00:00.000000','15:00:00.000000',4),(27,'2024-01-23','09:00:00.000000','15:00:00.000000',4),(28,'2024-01-24','09:00:00.000000','15:00:00.000000',4),(29,'2024-01-25','09:00:00.000000','15:00:00.000000',4),(30,'2024-01-26','09:00:00.000000','15:00:00.000000',4),(31,'2024-01-29','09:00:00.000000','15:00:00.000000',4),(32,'2024-01-30','09:00:00.000000','15:00:00.000000',4),(33,'2024-01-31','09:00:00.000000','15:00:00.000000',4),(34,'2024-02-01','09:00:00.000000','15:00:00.000000',4),(35,'2024-02-02','09:00:00.000000','15:00:00.000000',4),(36,'2024-02-05','09:00:00.000000','15:00:00.000000',4),(37,'2024-02-06','09:00:00.000000','15:00:00.000000',4),(38,'2024-02-07','09:00:00.000000','15:00:00.000000',4),(39,'2024-02-08','09:00:00.000000','15:00:00.000000',4),(40,'2024-01-01',NULL,NULL,5),(41,'2024-01-02','09:00:00.000000','15:00:00.000000',5),(42,'2024-01-03','09:00:00.000000','15:00:00.000000',5),(43,'2024-01-04','09:00:00.000000','15:00:00.000000',5),(44,'2024-01-05','09:00:00.000000','15:00:00.000000',5),(46,'2024-01-08','09:00:00.000000','15:00:00.000000',5),(47,'2024-01-09','09:00:00.000000','15:00:00.000000',5),(48,'2024-01-10','09:00:00.000000','15:00:00.000000',5),(49,'2024-01-11','09:00:00.000000','15:00:00.000000',5),(50,'2024-01-12','09:00:00.000000','15:00:00.000000',5),(51,'2024-01-15','09:00:00.000000','15:00:00.000000',5),(52,'2024-01-16','09:00:00.000000','15:00:00.000000',5),(53,'2024-01-17','09:00:00.000000','15:00:00.000000',5),(54,'2024-01-18','09:00:00.000000','15:00:00.000000',5),(55,'2024-01-19','09:00:00.000000','15:00:00.000000',5),(56,'2024-01-22','09:00:00.000000','15:00:00.000000',5),(57,'2024-01-23','09:00:00.000000','15:00:00.000000',5),(58,'2024-01-24','09:00:00.000000','15:00:00.000000',5),(59,'2024-01-25','09:00:00.000000','15:00:00.000000',5),(60,'2024-01-26','09:00:00.000000','15:00:00.000000',5),(61,'2024-01-29','09:00:00.000000','15:00:00.000000',5),(62,'2024-01-30','09:00:00.000000','15:00:00.000000',5),(63,'2024-01-31','09:00:00.000000','15:00:00.000000',5),(64,'2024-02-01','09:00:00.000000','15:00:00.000000',5),(65,'2024-02-02','09:00:00.000000','15:00:00.000000',5),(66,'2024-02-05','09:00:00.000000','15:00:00.000000',5),(67,'2024-02-06','09:00:00.000000','15:00:00.000000',5),(68,'2024-02-07','09:00:00.000000','15:00:00.000000',5),(69,'2024-02-08','09:00:00.000000','15:00:00.000000',5),(70,'2024-01-01',NULL,NULL,6),(71,'2024-01-02','09:00:00.000000','15:00:00.000000',6),(72,'2024-01-03','09:00:00.000000','15:00:00.000000',6),(73,'2024-01-04','09:00:00.000000','15:00:00.000000',6),(74,'2024-01-05','09:00:00.000000','15:00:00.000000',6),(75,'2024-01-08','09:00:00.000000','15:00:00.000000',6),(76,'2024-01-09','09:00:00.000000','15:00:00.000000',6),(77,'2024-01-10','09:00:00.000000','15:00:00.000000',6),(78,'2024-01-11','09:00:00.000000','15:00:00.000000',6),(79,'2024-01-12','09:00:00.000000','15:00:00.000000',6),(80,'2024-01-15','09:00:00.000000','15:00:00.000000',6),(81,'2024-01-16','09:00:00.000000','15:00:00.000000',6),(82,'2024-01-17','09:00:00.000000','15:00:00.000000',6),(83,'2024-01-18','09:00:00.000000','15:00:00.000000',6),(84,'2024-01-19','09:00:00.000000','15:00:00.000000',6),(85,'2024-01-22','09:00:00.000000','15:00:00.000000',6),(86,'2024-01-23','09:00:00.000000','15:00:00.000000',6),(87,'2024-01-24','09:00:00.000000','15:00:00.000000',6),(88,'2024-01-25','09:00:00.000000','15:00:00.000000',6),(89,'2024-01-26','09:00:00.000000','15:00:00.000000',6),(90,'2024-01-29','08:52:00.000000','15:52:00.000000',6),(91,'2024-01-30','08:43:00.000000','17:53:00.000000',6),(92,'2024-01-31','09:33:00.000000','16:43:00.000000',6),(93,'2024-02-01','09:05:00.000000',NULL,6),(94,'2024-02-02','08:45:00.000000','16:12:00.000000',6),(95,'2024-02-05','09:01:00.000000','18:12:00.000000',6),(96,'2024-02-06',NULL,NULL,6),(97,'2024-02-07','08:45:00.000000',NULL,6),(98,'2024-02-08','09:32:00.000000','15:22:00.000000',6),(99,'2024-01-01',NULL,NULL,7),(100,'2024-01-02','09:00:00.000000','15:00:00.000000',7),(101,'2024-01-03','09:00:00.000000','15:00:00.000000',7),(102,'2024-01-04','09:00:00.000000','15:00:00.000000',7),(103,'2024-01-05','09:00:00.000000','15:00:00.000000',7),(104,'2024-01-08','09:00:00.000000','15:00:00.000000',7),(105,'2024-01-09','09:00:00.000000','15:00:00.000000',7),(106,'2024-01-10','09:00:00.000000','15:00:00.000000',7),(107,'2024-01-11','09:00:00.000000','15:00:00.000000',7),(108,'2024-01-12','09:00:00.000000','15:00:00.000000',7),(109,'2024-01-15','09:00:00.000000','15:00:00.000000',7),(110,'2024-01-16','09:00:00.000000','15:00:00.000000',7),(111,'2024-01-17','09:00:00.000000','15:00:00.000000',7),(112,'2024-01-18','09:00:00.000000','15:00:00.000000',7),(113,'2024-01-19','09:00:00.000000','15:00:00.000000',7),(114,'2024-01-22','09:00:00.000000','15:00:00.000000',7),(115,'2024-01-23','09:00:00.000000','15:00:00.000000',7),(116,'2024-01-24','09:00:00.000000','15:00:00.000000',7),(117,'2024-01-25','09:00:00.000000','15:00:00.000000',7),(118,'2024-01-26','09:00:00.000000','15:00:00.000000',7),(119,'2024-01-29','09:00:00.000000','15:00:00.000000',7),(120,'2024-01-30','09:00:00.000000','15:00:00.000000',7),(121,'2024-01-31','09:00:00.000000','15:00:00.000000',7),(122,'2024-02-01','09:00:00.000000','15:00:00.000000',7),(123,'2024-02-02','09:00:00.000000','15:00:00.000000',7),(124,'2024-02-05','09:00:00.000000','15:00:00.000000',7),(125,'2024-02-06','09:00:00.000000','15:00:00.000000',7),(126,'2024-02-07','09:00:00.000000','15:00:00.000000',7),(127,'2024-02-08','09:00:00.000000','15:00:00.000000',7),(128,'2024-01-01',NULL,NULL,8),(129,'2024-01-02','09:00:00.000000','15:00:00.000000',8),(130,'2024-01-03','09:00:00.000000','15:00:00.000000',8),(131,'2024-01-04','09:00:00.000000','15:00:00.000000',8),(132,'2024-01-05','09:00:00.000000','15:00:00.000000',8),(133,'2024-01-08','09:00:00.000000','15:00:00.000000',8),(134,'2024-01-09','09:00:00.000000','15:00:00.000000',8),(135,'2024-01-10','09:00:00.000000','15:00:00.000000',8),(136,'2024-01-11','09:00:00.000000','15:00:00.000000',8),(137,'2024-01-12','09:00:00.000000','15:00:00.000000',8),(138,'2024-01-15','09:00:00.000000','15:00:00.000000',8),(139,'2024-01-16','09:00:00.000000','15:00:00.000000',8),(140,'2024-01-17','09:00:00.000000','15:00:00.000000',8),(141,'2024-01-18','09:00:00.000000','15:00:00.000000',8),(142,'2024-01-19','09:00:00.000000','15:00:00.000000',8),(143,'2024-01-22','09:00:00.000000','15:00:00.000000',8),(144,'2024-01-23','09:00:00.000000','15:00:00.000000',8),(145,'2024-01-24','09:00:00.000000','15:00:00.000000',8),(146,'2024-01-25','09:00:00.000000','15:00:00.000000',8),(147,'2024-01-26','09:00:00.000000','15:00:00.000000',8),(148,'2024-01-29','09:00:00.000000','15:00:00.000000',8),(149,'2024-01-30','09:00:00.000000','15:00:00.000000',8),(150,'2024-01-31','09:00:00.000000','15:00:00.000000',8),(151,'2024-02-01','09:00:00.000000','15:00:00.000000',8),(152,'2024-02-02','09:00:00.000000','15:00:00.000000',8),(153,'2024-02-05','09:00:00.000000','15:00:00.000000',8),(154,'2024-02-06','09:00:00.000000','15:00:00.000000',8),(155,'2024-02-07','09:00:00.000000','15:00:00.000000',8),(156,'2024-02-08','09:00:00.000000','15:00:00.000000',8),(157,'2024-01-01',NULL,NULL,11),(158,'2024-01-02','09:00:00.000000','15:00:00.000000',11),(159,'2024-01-03','09:00:00.000000','15:00:00.000000',11),(160,'2024-01-04','09:00:00.000000','15:00:00.000000',11),(161,'2024-01-05','09:00:00.000000','15:00:00.000000',11),(162,'2024-01-08','09:00:00.000000','15:00:00.000000',11),(163,'2024-01-09','09:00:00.000000','15:00:00.000000',11),(164,'2024-01-10','09:00:00.000000','15:00:00.000000',11),(165,'2024-01-11','09:00:00.000000','15:00:00.000000',11),(166,'2024-01-12','09:00:00.000000','15:00:00.000000',11),(167,'2024-01-15','09:00:00.000000','15:00:00.000000',11),(168,'2024-01-16','09:00:00.000000','15:00:00.000000',11),(169,'2024-01-17','09:00:00.000000','15:00:00.000000',11),(170,'2024-01-18','09:00:00.000000','15:00:00.000000',11),(171,'2024-01-22','09:00:00.000000','15:00:00.000000',11),(172,'2024-01-23','09:00:00.000000','15:00:00.000000',11),(173,'2024-01-24','09:00:00.000000','15:00:00.000000',11),(174,'2024-01-25','09:00:00.000000','15:00:00.000000',11),(175,'2024-01-26','09:00:00.000000','15:00:00.000000',11),(176,'2024-01-29','09:00:00.000000','15:00:00.000000',11),(177,'2024-01-30','09:00:00.000000','15:00:00.000000',11),(178,'2024-01-31','09:00:00.000000','15:00:00.000000',11),(179,'2024-02-01','09:00:00.000000','15:00:00.000000',11),(180,'2024-02-02','09:00:00.000000','15:00:00.000000',11),(181,'2024-02-05','09:00:00.000000','15:00:00.000000',11),(182,'2024-02-06','09:00:00.000000','15:00:00.000000',11),(183,'2024-02-07','09:00:00.000000','15:00:00.000000',11),(184,'2024-02-08','09:00:00.000000','15:00:00.000000',11),(185,'2024-01-01',NULL,NULL,12),(186,'2024-01-02','09:00:00.000000','15:00:00.000000',12),(187,'2024-01-03','09:00:00.000000','15:00:00.000000',12),(188,'2024-01-04','09:00:00.000000','15:00:00.000000',12),(189,'2024-01-05','09:00:00.000000','15:00:00.000000',12),(190,'2024-01-08','09:00:00.000000','15:00:00.000000',12),(191,'2024-01-09','09:00:00.000000','15:00:00.000000',12),(192,'2024-01-10','09:00:00.000000','15:00:00.000000',12),(193,'2024-01-11','09:00:00.000000','15:00:00.000000',12),(194,'2024-01-12','09:00:00.000000','15:00:00.000000',12),(195,'2024-01-15','09:00:00.000000','15:00:00.000000',12),(196,'2024-01-16','09:00:00.000000','15:00:00.000000',12),(197,'2024-01-17','09:00:00.000000','15:00:00.000000',12),(198,'2024-01-18','09:00:00.000000','15:00:00.000000',12),(199,'2024-01-19','09:00:00.000000','15:00:00.000000',12),(201,'2024-01-22','09:00:00.000000','15:00:00.000000',12),(202,'2024-01-23','09:00:00.000000','15:00:00.000000',12),(203,'2024-01-24','09:00:00.000000','15:00:00.000000',12),(204,'2024-01-25','09:00:00.000000','15:00:00.000000',12),(205,'2024-01-26','09:00:00.000000','15:00:00.000000',12),(206,'2024-01-29','09:00:00.000000','15:00:00.000000',12),(207,'2024-01-30','09:00:00.000000','15:00:00.000000',12),(208,'2024-01-31','09:00:00.000000','15:00:00.000000',12),(209,'2024-02-01','09:00:00.000000','15:00:00.000000',12),(210,'2024-02-02','09:00:00.000000','15:00:00.000000',12),(211,'2024-02-05','09:00:00.000000','15:00:00.000000',12),(212,'2024-02-06','09:00:00.000000','15:00:00.000000',12),(213,'2024-02-07','09:00:00.000000','15:00:00.000000',12),(214,'2024-02-08','09:00:00.000000','15:00:00.000000',12),(216,'2024-01-01',NULL,NULL,13),(217,'2024-01-02','09:00:00.000000','15:00:00.000000',13),(218,'2024-01-03','09:00:00.000000','15:00:00.000000',13),(219,'2024-01-04','09:00:00.000000','15:00:00.000000',13),(220,'2024-01-05','09:00:00.000000','15:00:00.000000',13),(221,'2024-01-08','09:00:00.000000','15:00:00.000000',13),(222,'2024-01-09','09:00:00.000000','15:00:00.000000',13),(223,'2024-01-10','09:00:00.000000','15:00:00.000000',13),(224,'2024-01-11','09:00:00.000000','15:00:00.000000',13),(225,'2024-01-12','09:00:00.000000','15:00:00.000000',13),(226,'2024-01-15','09:00:00.000000','15:00:00.000000',13),(227,'2024-01-16','09:00:00.000000','15:00:00.000000',13),(228,'2024-01-17','09:00:00.000000','15:00:00.000000',13),(229,'2024-01-18','09:00:00.000000','15:00:00.000000',13),(230,'2024-01-19','09:00:00.000000','15:00:00.000000',13),(231,'2024-01-22','09:00:00.000000','15:00:00.000000',13),(232,'2024-01-23','09:00:00.000000','15:00:00.000000',13),(233,'2024-01-24','09:00:00.000000','15:00:00.000000',13),(234,'2024-01-25','09:00:00.000000','15:00:00.000000',13),(235,'2024-01-26','09:00:00.000000','15:00:00.000000',13),(236,'2024-01-29','09:00:00.000000','15:00:00.000000',13),(237,'2024-01-30','09:00:00.000000','15:00:00.000000',13),(238,'2024-01-31','09:00:00.000000','15:00:00.000000',13),(239,'2024-02-01','09:00:00.000000','15:00:00.000000',13),(240,'2024-02-02','09:00:00.000000','15:00:00.000000',13),(241,'2024-02-05','09:00:00.000000','15:00:00.000000',13),(242,'2024-02-06','09:00:00.000000','15:00:00.000000',13),(243,'2024-02-07','09:00:00.000000','15:00:00.000000',13),(244,'2024-02-08','09:00:00.000000','15:00:00.000000',13),(245,'2024-01-01',NULL,NULL,14),(246,'2024-01-02','09:00:00.000000','15:00:00.000000',14),(247,'2024-01-03','09:00:00.000000','15:00:00.000000',14),(248,'2024-01-04','09:00:00.000000','15:00:00.000000',14),(249,'2024-01-05','09:00:00.000000','15:00:00.000000',14),(250,'2024-01-08','09:00:00.000000','15:00:00.000000',14),(251,'2024-01-09','09:00:00.000000','15:00:00.000000',14),(252,'2024-01-10','09:00:00.000000','15:00:00.000000',14),(253,'2024-01-11','09:00:00.000000','15:00:00.000000',14),(254,'2024-01-12','09:00:00.000000','15:00:00.000000',14),(255,'2024-01-15','09:00:00.000000','15:00:00.000000',14),(256,'2024-01-16','09:00:00.000000','15:00:00.000000',14),(257,'2024-01-17','09:00:00.000000','15:00:00.000000',14),(258,'2024-01-18','09:00:00.000000','15:00:00.000000',14),(259,'2024-01-19','09:00:00.000000','15:00:00.000000',14),(260,'2024-01-22','09:00:00.000000','15:00:00.000000',14),(261,'2024-01-23','09:00:00.000000','15:00:00.000000',14),(262,'2024-01-24','09:00:00.000000','15:00:00.000000',14),(263,'2024-01-25','09:00:00.000000','15:00:00.000000',14),(264,'2024-01-26','09:00:00.000000','15:00:00.000000',14),(265,'2024-01-29','09:00:00.000000','15:00:00.000000',14),(266,'2024-01-30','09:00:00.000000','15:00:00.000000',14),(267,'2024-01-31','09:00:00.000000','15:00:00.000000',14),(268,'2024-02-01','09:00:00.000000','15:00:00.000000',14),(269,'2024-02-02','09:00:00.000000','15:00:00.000000',14),(270,'2024-02-05','09:00:00.000000','15:00:00.000000',14),(271,'2024-02-06','09:00:00.000000','15:00:00.000000',14),(272,'2024-02-07','09:00:00.000000','15:00:00.000000',14),(273,'2024-02-08','09:00:00.000000','15:00:00.000000',14),(274,'2024-01-01',NULL,NULL,15),(275,'2024-01-02','09:00:00.000000','15:00:00.000000',15),(276,'2024-01-03','09:00:00.000000','15:00:00.000000',15),(277,'2024-01-04','09:00:00.000000','15:00:00.000000',15),(278,'2024-01-05','09:00:00.000000','15:00:00.000000',15),(279,'2024-01-08','09:00:00.000000','15:00:00.000000',15),(280,'2024-01-09','09:00:00.000000','15:00:00.000000',15),(281,'2024-01-10','09:00:00.000000','15:00:00.000000',15),(282,'2024-01-11','09:00:00.000000','15:00:00.000000',15),(283,'2024-01-12','09:00:00.000000','15:00:00.000000',15),(284,'2024-01-15','09:00:00.000000','15:00:00.000000',15),(285,'2024-01-16','09:00:00.000000','15:00:00.000000',15),(286,'2024-01-17','09:00:00.000000','15:00:00.000000',15),(287,'2024-01-18','09:00:00.000000','15:00:00.000000',15),(288,'2024-01-19','09:00:00.000000','15:00:00.000000',15),(289,'2024-01-22','09:00:00.000000','15:00:00.000000',15),(290,'2024-01-23','09:00:00.000000','15:00:00.000000',15),(291,'2024-01-24','09:00:00.000000','15:00:00.000000',15),(292,'2024-01-25','09:00:00.000000','15:00:00.000000',15),(293,'2024-01-26','09:00:00.000000','15:00:00.000000',15),(294,'2024-01-29','09:00:00.000000','15:00:00.000000',15),(296,'2024-01-30','09:00:00.000000','15:00:00.000000',15),(297,'2024-01-31','09:00:00.000000','15:00:00.000000',15),(298,'2024-02-01','09:00:00.000000','15:00:00.000000',15),(299,'2024-02-02','09:00:00.000000','15:00:00.000000',15),(300,'2024-02-05','09:00:00.000000','15:00:00.000000',15),(301,'2024-02-06','09:00:00.000000','15:00:00.000000',15),(302,'2024-02-07','09:00:00.000000','15:00:00.000000',15),(303,'2024-02-08','09:00:00.000000','15:00:00.000000',15),(304,'2024-02-09',NULL,NULL,4),(305,'2024-02-09',NULL,NULL,5),(306,'2024-02-09',NULL,NULL,6),(307,'2024-02-09',NULL,NULL,7),(308,'2024-02-09',NULL,NULL,8),(309,'2024-02-09',NULL,NULL,11),(310,'2024-02-09',NULL,NULL,12),(311,'2024-02-09',NULL,NULL,13),(312,'2024-02-09',NULL,NULL,14),(313,'2024-02-09',NULL,NULL,15),(314,'2024-02-13','09:11:00.000000','16:20:00.000000',4),(315,'2024-02-13','09:10:00.000000','16:00:00.000000',5),(316,'2024-02-13','09:13:00.000000','16:00:00.000000',6),(317,'2024-02-13','09:00:00.000000','16:00:00.000000',7),(318,'2024-02-13','09:00:00.000000','16:00:00.000000',8),(320,'2024-02-13','09:13:00.000000','15:56:00.000000',11),(321,'2024-02-13','09:11:00.000000','16:00:00.000000',12),(322,'2024-02-13','09:11:00.000000','16:00:00.000000',13),(323,'2024-02-13','09:11:00.000000','16:00:00.000000',14),(324,'2024-02-13','09:11:00.000000','16:00:00.000000',15),(326,'2024-02-14','09:35:20.017000','17:15:39.954000',6),(327,'2024-02-14','13:29:43.653000',NULL,4),(329,'2024-02-14','14:34:17.385000','14:34:49.046000',7),(330,'2024-02-14',NULL,NULL,5),(331,'2024-02-14',NULL,NULL,8),(333,'2024-02-14',NULL,NULL,11),(334,'2024-02-14',NULL,NULL,12),(335,'2024-02-14',NULL,NULL,13),(336,'2024-02-14',NULL,NULL,14),(337,'2024-02-14',NULL,NULL,15),(347,'2024-02-15','11:08:58.332000','11:09:22.594000',13),(348,'2024-02-15','14:06:18.454000','14:18:12.462000',6),(349,'2024-02-15','14:37:14.829000','15:41:43.634000',7),(350,'2024-02-15','17:44:04.917000',NULL,5),(351,'2024-02-15',NULL,NULL,4),(352,'2024-02-15',NULL,NULL,8),(353,'2024-02-15',NULL,NULL,11),(354,'2024-02-15',NULL,NULL,12),(355,'2024-02-15',NULL,NULL,14),(356,'2024-02-15',NULL,NULL,15);
/*!40000 ALTER TABLE `attendance` ENABLE KEYS */;
UNLOCK TABLES;

--
-- Table structure for table `board`
--

DROP TABLE IF EXISTS `board`;
/*!40101 SET @saved_cs_client     = @@character_set_client */;
/*!50503 SET character_set_client = utf8mb4 */;
CREATE TABLE `board` (
  `board_id` bigint NOT NULL AUTO_INCREMENT,
  `board_content` varchar(1000) COLLATE utf8mb4_general_ci DEFAULT NULL,
  `board_date` date DEFAULT NULL,
  `board_path` varchar(255) COLLATE utf8mb4_general_ci DEFAULT NULL,
  `board_poop_status` varchar(255) COLLATE utf8mb4_general_ci DEFAULT NULL,
  `board_sleeptime` float DEFAULT NULL,
  `board_tall` float DEFAULT NULL,
  `board_temperature` float DEFAULT NULL,
  `board_weight` float DEFAULT NULL,
  `classroom_id` bigint DEFAULT NULL,
  `kid_id` bigint DEFAULT NULL,
  PRIMARY KEY (`board_id`),
  KEY `FK6aekk0wleuul2ukum1jmh2ddr` (`classroom_id`),
  KEY `FK6gxvbn09n4dpmlu5g60i82gka` (`kid_id`),
  CONSTRAINT `FK6aekk0wleuul2ukum1jmh2ddr` FOREIGN KEY (`classroom_id`) REFERENCES `classroom` (`classroom_id`),
  CONSTRAINT `FK6gxvbn09n4dpmlu5g60i82gka` FOREIGN KEY (`kid_id`) REFERENCES `kid` (`id`)
) ENGINE=InnoDB AUTO_INCREMENT=110 DEFAULT CHARSET=utf8mb4 COLLATE=utf8mb4_general_ci;
/*!40101 SET character_set_client = @saved_cs_client */;

--
-- Dumping data for table `board`
--

LOCK TABLES `board` WRITE;
/*!40000 ALTER TABLE `board` DISABLE KEYS */;
INSERT INTO `board` VALUES (1,'안녕하세요?\n\n오늘은 성남시립식물원으로 현장학습에 다녀왔어요.\n아침에 비가 내려 우리 친구들이 다칠까 걱정했었는데, 다행히 출발하기 전 비가 그쳐 안전하게 다녀올 수 있었습니다.\n\n친구들이 씩씩하게 선생님 손과 친구들 손을 잡고 차가 멈춘 후 차례차례 줄 서서 횡단보도를 건너서 식물원에 갔습니다.\n\n처음 보는 나무들과 식물들에 관심을 가지며 이름을 물어보기도 하고\n열대관에서 자라는 식물들과 나무들의 특성들도 알아보았답니다~!!\n마지막에는 다양한 씨앗들을 구경하며 신기해하였어요^^\n\n어린이집에 돌아와서는 어린이집 안에서 할 수 있는 여러 가지 식물 보호 방법을 생각해보고, 실천해보기로 약속했답니다!','2024-02-13',NULL,'보통',1.5,108.5,36.5,19.1,1,6),(2,'안녕하세요?\n이번주에는 즐거운 운동과 휴식이라는 주제로 한주를 보냈습니다. 여름에 하면 더 즐거운 운동에 대해 알아보는 시간을 가졌어요.  또 물놀이를 하기 전 해야할 것과 물놀이를 할 때 주의해야할 행동도 알아보는 시간을 가졌습니다. 활동을 확장하여 더운 여름을 이겨낼 수 있는 방법에 대해 그림으로 표현해 보는 시간도 가졌는데, 준이는 지난 주에 다녀온 물놀이가 즐거웠는지, 아주 멋진 작풉을 완성하였습니다.','2024-02-12',NULL,'묽음',2,NULL,36.5,NULL,1,6),(3,'제일 먼저 오는 친구가 거북이 밥을 주는데, 요즘 준이가 1등으로 출석해서 거북이 밥을 매일 주고 있습니다.\n다른 친구들보다 일찍 오는 편이라 아침에 관찰하는 시간을 많이 가지고 있어요.\n거북이 뿐만 아니라 교실에서 키우고 있는 식물에도 관심이 많아요.\n어제보다 얼마나 자랐는지, 저번 주 보다 얼마나 자랐는지..\n저는 잘 느끼지 못하는 부분을 준이가 말해 줄 때 얼마나 대견한지 몰라요.\n준이의 뛰어난 관찰력, 칭찬 많이 해주세요^^','2024-02-09',NULL,'보통',2.5,NULL,36.6,NULL,1,6),(4,NULL,'2023-12-20',NULL,NULL,NULL,107.3,NULL,18.7,1,6),(5,NULL,'2023-11-20',NULL,NULL,NULL,106.9,NULL,18.3,1,6),(6,NULL,'2023-10-20',NULL,NULL,NULL,106.1,NULL,18.2,1,6),(7,NULL,'2023-09-20',NULL,NULL,NULL,105.7,NULL,17.9,1,6),(8,NULL,'2023-08-20',NULL,NULL,NULL,104.7,NULL,17.6,1,6),(9,NULL,'2023-07-20',NULL,NULL,NULL,104.5,NULL,17.4,1,6),(10,NULL,'2023-06-20',NULL,NULL,NULL,104,NULL,17.1,1,6),(11,NULL,'2023-05-20',NULL,NULL,NULL,103.8,NULL,16.8,1,6),(12,NULL,'2023-04-20',NULL,NULL,NULL,103.4,NULL,16.7,1,6),(13,NULL,'2023-03-20',NULL,NULL,NULL,102.7,NULL,16.5,1,6),(14,NULL,'2023-02-20',NULL,NULL,NULL,101.9,NULL,16.2,1,6),(15,NULL,'2023-01-20',NULL,NULL,NULL,101,NULL,15.9,1,6),(18,'윤후 건강하자~','2024-02-13',NULL,'',0,0,0,0,1,5),(19,NULL,'2024-01-01',NULL,NULL,NULL,108,NULL,19,NULL,6),(20,'공휴일은 잘 보내셨나요? 우리 준이가 차량에서 내리자마자 교실에 와서 조금 눈물을 글썽거리는 모습이 있었지만 친구들에게 줄 간식을 준이가 나눠주자고 하였더니 금새 얼굴이 환해졌답니다. 쥬쥬 스토리에서 당나귀 친구가 와서 거부감 없이 멋지게 당나귀를 타 보았어요. 처음에는 당나귀를 처음 봐서 그런지 잠깐 보고 있다가 민율이 반이 타고 있을 때 괜찮다고 무섭지 않다고 말해주었더니 씩씩하게 당나귀를 탔답니다.\n오늘 오후에는 점심을 먹자고 하니 우리 준이가 그때부터 울었어요. 점심시간은 처음에 안 먹고 있다가 제가 한 번 먹여주고 스스로 먹어보자고 이야기를 해주었어요. 밥을 떠서 먹여준 후 준이가 먹기 싫다고 말해서 한 번 더 떠서 먹이고 이야기를 하니 준이가 반찬으로 나오는 새우는 알러지가 있어서 안 먹는다고 하더라구요. 이후에는 준이가 국물과 함께 밥을 다 먹었답니다.\n','2024-02-14',NULL,NULL,1,109,36.3,19.5,1,6),(21,'준이는 유치원에서 항상 활기차게 생활하고 있어요. 매일 아침, 준이의 밝은 미소와 흥겨운 발걸음으로 하루가 시작됩니다. 준이는 친구들과 함께 뛰어놀기를 좋아하며, 놀이터에서 웃음소리가 가장 크게 울려 퍼져요. 그림그리기 시간에는 준이만의 독특한 그림을 그리며, 선생님께서 주신 칭찬을 자주 받습니다. 특히, 준이의 그림 속 세계는 항상 행복하고 사랑스럽답니다. 음악 시간에는 준이의 멋진 춤을 볼 수 있는데, 음악에 맞춰 춤추는 준이의 모습은 너무나 사랑스럽습니다. 준이는 매일 새로운 것을 배우는 것을 즐기는 아이로, 오늘은 스스로 신발끈을 묶는 법을 배웠어요. 준이의 유치원 생활은 그의 성장과 발전을 지켜보는 저희에게 큰 행복을 주고 있습니다.','2024-02-08',NULL,NULL,NULL,NULL,NULL,NULL,1,6),(22,'오늘은 꿀벌나라 테마공원과 전적비에 다녀왔습니다. 처음으로 가 보는 꿀벌나라 테마공원에 가서 꿀벌에 대해서 설명을 들어 보기도 하였고, 벌의 종류인 꿀벌과 여왕벌이 하는 일과 꿀벌은 우리에게 주는 이로운 점에 대해서도 알게 되었답니다. 우리나라를 위해서 희생하신 국군 아저씨와 탱크, 비행기를 보고 사진도 찍어 보았어요. 오늘은 아이들이 신나게 보낸 하루였답니다.\n우리 준이가 차를 타고 내려가서 꿀벌 나라에 가는 도중 무섭다고 긴장하기는 했지만 손을 잡아주고 괜찮다고 말해주니 꿀벌나라에서 체험을 했답니다. 돌아와서 점심을 먹으려고 하니 어머니가 생각나 전화도 함께 걸었어요.\n','2024-02-07',NULL,NULL,NULL,NULL,NULL,NULL,1,6),(23,'준이의 새로운 유치원 생활은 매일 새로운 모험으로 가득 차 있어요. 준이는 이제 자신의 일을 스스로 해결하는 능력을 키우고 있습니다. 자신의 신발을 직접 신고, 도시락을 스스로 까는 모습이 자랑스럽습니다. 그리고 준이는 친구들과의 관계에서도 성장을 보여주고 있어요. 새로 온 친구를 직접 소개하고, 친구들과의 문제를 스스로 해결하는 모습을 보여주고 있답니다. 또한, 준이는 수업 시간에도 집중력을 보여주고 있어요. 특히, 독서 시간에는 선생님의 이야기를 꼼꼼히 듣고, 이해한 내용을 친구들과 공유하는 모습이 인상적입니다. 준이의 새로운 유치원 생활은 그의 자립심과 사회성, 학습능력을 키우는 데 큰 도움이 되고 있습니다. 준이의 더욱 성장하는 모습을 기대하며, 항상 그를 응원합니다.','2024-02-06',NULL,NULL,NULL,NULL,NULL,NULL,1,6),(24,'준이의 유치원 생활은 매일매일 새로운 발견과 경험으로 가득해요. 최근에는 \"자연 친구\"라는 주제로 프로젝트를 시작했습니다. 준이는 나무와 꽃, 동물들을 관찰하며 자연에 대한 이해를 높이고 있어요. 특히, 나비가 애벌레에서 변화하는 과정을 직접 관찰하며 큰 흥미를 보였답니다. 또한, 준이는 요리 활동을 통해 다양한 음식에 대해 배우고 있습니다. 간단한 샌드위치부터 시작해, 이제는 손수 만든 김밥을 점심시간에 먹는 모습이 멋지답니다. 그리고 준이는 운동회 준비를 위해 친구들과 춤 연습을 열심히 하고 있어요. 준이의 열정적인 모습은 유치원 생활의 중요한 일부를 차지하고 있습니다. 준이의 능동적이고 창의적인 유치원 생활은 그의 발전을 돕고, 새로운 세상을 발견하는 데 큰 도움이 되고 있습니다.','2024-02-05',NULL,NULL,NULL,NULL,NULL,NULL,1,6),(25,'산책을 하면서 주워왔던 나뭇잎과 솔방울로 놀이를 해 보았습니다. 준이가 트럭 모형 장난감에 솔방울을 실어서 옮겨보기도 하고 입으로 바람을 불어 나뭇잎이 팔랑팔랑 움직여보는 놀이도 해 보았습니다. 준이도 열심히 불었지만 조준이 잘 되지 않아 나뭇잎이 잘 움직이지 않네요. 그래도 선생님이 불어서 움직이는 나뭇잎을 보고 즐거워하며 준이도 해보려고 노력하네요^^\n나뭇잎을 높이 들어 떨어뜨리며 ‘팔랑팔랑’이라고 이야기를 하니 따라서 ‘팔랑팔랑’하고 이야기를 하며 노는 준이입니다. 아침에 비가와서 아이들에게 2층에 가서 놀자고 하니 아이들이 싫다고 하며 놀이터에 가자고 하네요. 다행히 비가 그치고 땅도 조금 마른 것 같아 실외활동을 하였습니다. 놀이기구의 물을 닦아주자 닦지 않은 놀이기구를 알려주며 닦아달라고 하네요! 오늘도 신나게 뛰어논 준이는 다행히 열이 없었고 자기 전에도 열을 측정하였는데 36.8도로 정상 체온이더라구요. 자고 일어나서도 확인을 계속 해보겠습니다.\n','2024-02-02',NULL,NULL,NULL,NULL,NULL,NULL,1,6),(26,'오늘 준이와 민국이는 유치원에서 함께 특별한 시간을 보냈어요. 아침에 유치원에 도착하자마자 두 친구는 서로를 향해 밝은 미소로 인사했습니다. 그들은 함께 놀이터에서 뛰어놀며 하루를 시작했어요. 민국이는 준이를 따라 모래놀이를 하며 무언가를 만들었어요. 그들이 만든 모래성은 정말 멋있었습니다.\n그리고는 수업 시간, 민국이는 준이의 도움을 받아 그림을 그렸습니다. 선생님이 주제로 제시한 \"나의 꿈\"에 대해 민국이는 병원을 그렸고, 준이는 우주비행사를 그렸어요. 그들의 그림은 각자의 꿈을 잘 표현하고 있었습니다.\n점심시간에는 민국이와 준이가 서로의 도시락을 나눠 먹었습니다. 준이의 엄마가 만든 김밥과 민국이의 엄마가 준비한 과일을 함께 먹으며 즐거운 시간을 보냈습니다.\n하루 종일 함께 보낸 두 친구의 유치원 생활은 그들의 우정을 더욱 깊게 만들어 주었습니다. 준이와 민국이의 유치원 생활은 매일 새로운 추억을 만들어 가고 있어요.\n','2024-02-01',NULL,NULL,NULL,NULL,NULL,NULL,1,6),(27,'오늘 준이와 지아는 유치원에서 블럭놀이에 열중했습니다. 아침에 도착하자마자 두 친구는 블럭놀이 코너로 달려갔습니다. 준이와 지아는 블럭을 쌓아올려 하나의 큰 성을 만드는 데 열중했습니다. 지아는 성의 문을 담당하고, 준이는 성의 탑을 만들었습니다. 두 친구는 함께 협력하며 멋진 성을 완성했습니다.\n그리고는 블럭놀이를 통해 여러 가지 이야기를 나눴습니다. 준이는 지아에게 성의 탑이 얼마나 높아야 하는지 설명했고, 지아는 성문이 어떻게 열리고 닫히는지 보여주었습니다. 두 친구는 블럭놀이를 통해 상상력과 창의력을 키웠습니다.\n점심시간에는 블럭놀이에 대한 이야기를 계속 나누었습니다. 준이와 지아는 서로의 도시락을 나눠 먹으며 그들이 만든 성에 대한 이야기를 했습니다. 그들의 눈은 블럭놀이에 대한 열정으로 빛났습니다.\n오늘의 유치원 생활은 준이와 지아에게 블럭놀이를 통한 협력과 창의력, 상상력을 키울 수 있는 소중한 시간이었습니다. 두 친구의 유치원 생활은 매일 새로운 발견과 경험으로 가득 차 있습니다.\n\n','2024-01-31',NULL,NULL,NULL,NULL,NULL,NULL,1,6),(28,'오늘 준이와 친구들은 유치원 강당에서 자유롭게 체조를 하고 공놀이를 했습니다. 아침에 도착하자마자 준이와 친구들은 강당으로 달려갔습니다. 강당에 도착하자마자 준이는 친구들과 함께 체조 동작을 시작했습니다. 웃음소리와 함께 체조 동작을 따라 하는 모습이 너무나 활기차 보였습니다.\n그리고는 준이와 윤후는 공놀이에 몰두했습니다. 두 친구는 공을 서로 넘겨주며 웃음소리가 가득한 강당을 채웠습니다. 공을 받아 넘겨주는 동작 하나하나에서도 두 친구의 훌륭한 협동심을 볼 수 있었습니다.\n점심시간에는 체조와 공놀이에 대한 이야기를 나누었습니다. 준이는 윤후에게 공놀이에서의 재미있었던 순간을 이야기하며 웃음을 터뜨렸습니다. 윤후도 준이와의 공놀이 이야기를 들으며 즐거워했습니다.\n오늘의 유치원 생활은 준이와 윤후에게 체조와 공놀이를 통한 협동심과 친구 사이의 끈끈한 우정을 느낄 수 있는 소중한 시간이었습니다. 매일 새롭게 펼쳐지는 준이와 친구들의 유치원 생활은 그들의 성장을 돕고 있습니다.\n','2024-01-30',NULL,NULL,NULL,NULL,NULL,NULL,1,6),(29,'오늘 유치원에는 핑크색깔 아기 인형이 도착했습니다. 인형을 보자마자 준이와 친구들은 눈이 빛났습니다. 모두 그 인형을 가지고 싶어했지만, 준이는 친구들에게 인형을 양보했습니다. 준이의 모습은 정말로 멋졌습니다.\n준이의 이런 행동에 친구들도 놀랐습니다. 그들은 준이의 배려심에 감사의 눈빛을 보내며, 준이에게 칭찬의 박수를 보냈습니다. 선생님도 준이의 이런 행동을 보고 칭찬하며, 다른 친구들에게도 배려심에 대해 이야기해주었습니다.\n점심시간에는 준이의 이야기가 계속되었습니다. 준이는 친구들과 함께 점심을 먹으며 그들이 인형을 즐겁게 가지고 놀고 있는 모습을 보며 웃었습니다. 준이는 친구들이 행복한 모습을 보며 자신도 행복함을 느꼈습니다.\n오늘의 유치원 생활은 준이에게 배려심과 친구에 대한 사랑을 가르쳐준 소중한 시간이었습니다.\n','2024-01-29',NULL,NULL,NULL,NULL,NULL,NULL,1,6),(30,'오늘 준이는 동화책 읽기에 열중한 하루를 보냈습니다. 아침에 유치원에 도착하자마자, 준이는 도서관 코너로 달려갔습니다. 그의 선택은 \"잠자는 숲속의 공주\"였습니다. 준이는 책을 펼치고 천천히 글을 읽기 시작했습니다.\n준이의 목소리는 조금은 흔들리지만, 그의 눈빛은 집중력이 넘쳤습니다. 선생님이 가르쳐준 대로, 준이는 어려운 단어를 만나면 천천히 발음하며 이해하려 노력했습니다. 그의 노력은 선생님과 친구들에게 칭찬을 받았습니다.\n점심시간에는 준이가 읽은 동화 이야기를 친구들과 나누었습니다. 준이는 동화 속 이야기를 흥미진진하게 전하며, 친구들은 그의 이야기에 집중하며 들었습니다.\n오늘의 유치원 생활은 준이에게 책을 읽는 즐거움과 동화 속 세계를 체험하는 소중한 시간이었습니다. 준이의 노력과 성장하는 모습은 어떤 멋진 사람이 될지를 보여주는 소중한 순간이었습니다. 준이의 유치원 생활은 항상 새로운 배움과 경험으로 가득 차 있습니다.\n','2024-01-26',NULL,NULL,NULL,NULL,NULL,NULL,1,6),(31,'오늘 준이는 유치원에서 춤 연습과 재롱잔치에 참여한 하루를 보냈습니다. 아침에 유치원에 도착하자마자 준이는 연습실로 달려갔습니다. 그의 선택은 \"행복한 나날\"이라는 춤이었습니다. 준이는 음악에 맞춰 춤을 추며 즐거운 표정을 지었습니다.\n그 후, 준이는 재롱잔치에 참여했습니다. 준이의 재롱은 \"토끼와 거북이\" 이야기였습니다. 준이는 토끼와 거북이의 목소리를 따라하며 친구들을 웃게 했습니다. 그의 재롱은 선생님과 친구들로부터 박수를 받았습니다.\n점심시간에는 준이의 춤과 재롱 이야기가 계속되었습니다. 준이는 친구들과 함께 점심을 먹으며 그들이 웃는 모습을 보며 자신도 행복함을 느꼈습니다.\n오늘의 유치원 생활은 준이에게 춤과 재롱을 통한 표현력과 창의력을 키울 수 있는 소중한 시간이었습니다. 준이의 활발하고 창의적인 모습은 어떤 멋진 사람이 될지를 보여주는 소중한 순간이었습니다.\n','2024-01-25',NULL,NULL,NULL,NULL,NULL,NULL,1,6),(32,'아침에 유치원에 도착하자마자, 준이는 바로 영어 수업으로 향했습니다. 선생님은 재미있는 이야기와 노래를 통해 알파벳을 소개하여 학습 과정을 더욱 흥미롭고 즐겁게 만들었습니다.\n준이는 자신의 이름 첫 글자인 \"S\"에 특히 흥미를 보였습니다. 그는 알파벳과 그 소리를 여러 번 반복했습니다. 친구들은 그를 박수로 칭찬하며, 준이는 자신감을 느꼈습니다.\n점심시간에는 준이가 새로 배운 것을 친구들과 공유했습니다. 그들은 기억하는 다른 알파벳을 차례로 말하며 차례를 돌렸습니다. 식당은 영어 알파벳의 소리로 가득 찼습니다.\n오늘의 유치원 생활은 준이에게 영어 알파벳을 배울 수 있는 소중한 시간이었습니다, 그로 인해 준이는 지적으로 성장하는 데 도움이 되었습니다. 준이의 유치원 생활은 항상 새로운 배움과 경험으로 가득 차 있습니다.\n','2024-01-24',NULL,NULL,NULL,NULL,NULL,NULL,1,6),(33,'오늘 준이는 친구들과 함께 동요를 부르기 시작했습니다. 준이는 동요에 맞춰 율동하며 즐거운 표정을 지었습니다.\n준이의 목소리는 밝고 활기차 보였습니다. 그의 목소리는 강당을 가득 채웠고, 친구들도 준이를 따라 동요를 부르며 웃음을 터뜨렸습니다. 준이의 이런 모습은 선생님과 친구들로부터 칭찬을 받았습니다.\n점심시간에는 준이의 동요 이야기가 계속되었습니다. 준이는 친구들과 함께 점심을 먹으며 그들이 즐거워하는 모습을 보며 자신도 행복함을 느꼈습니다.\n오늘의 유치원 생활은 준이에게 동요를 통해 음악에 대한 사랑과 표현력을 느낄 수 있는 소중한 시간이었습니다. 준이의 활발하고 즐거운 모습은 그가 어떤 멋진 사람이 될지를 보여주는 소중한 순간이었습니다.\n','2024-01-23',NULL,NULL,NULL,NULL,NULL,NULL,1,6),(34,'유치원에서 친구들과 함께 만화영화를 보는 특별한 시간을 가졌습니다. 준이가 본 만화영화는 \"미니특공대\"였습니다. 준이는 영화에서 벌어지는 모험에 흥미진진한 표정을 지었습니다.\n영화가 끝나고 준이는 친구들과 함께 소감을 나누었습니다. 영화의 재미있는 부분을 떠올리며 웃었고, 영화 속 주인공의 용기에 감동했다고 이야기했습니다. 친구들도 준이의 이야기에 공감하며 즐거운 시간을 보냈습니다.\n점심시간에는 준이와 친구들이 만화영화에 대한 이야기를 계속 나누었습니다. 그들이 본 영화의 재미있는 장면을 떠올리며 웃음소리가 식당을 가득 채웠습니다.\n오늘의 유치원 생활은 준이에게 영화를 통한 상상력과 친구들과의 소통을 배울 수 있는 소중한 시간이었습니다. \n','2024-01-22',NULL,NULL,NULL,NULL,NULL,NULL,1,6),(35,'오늘은 성남시립식물원으로 현장학습에 다녀왔어요. 아침에 비가 내려 우리 친구들이 다칠까 걱정했었는데, 다행히 출발하기 전 비가 그쳐 안전하게 다녀올 수 있었습니다. 친구들이 씩씩하게 선생님 손과 친구들 손을 잡고 차가 멈춘 후 차례차례 줄 서서 횡단보도를 건너서 식물원에 갔습니다. 처음 보는 나무들과 식물들에 관심을 가지며 이름을 물어보기도 하고 열대관에서 자라는 식물들과 나무들의 특성들도 알아보았답니다~!! 마지막에는 다양한 씨앗들을 구경하며 신기해하였어요^^ 어린이집에 돌아와서는 어린이집 안에서 할 수 있는 여러 가지 식물 보호 방법을 생각해보고, 실천해보기로 약속했답니다!','2024-02-13',NULL,'보통',2.5,100.3,37.5,15.3,2,12),(38,'안녕하세요? 이번주에는 즐거운 운동과 휴식이라는 주제로 한주를 보냈습니다. \n여름에 하면 더 즐거운 운동에 대해 알아보는 시간을 가졌어요. \n 또 물놀이를 하기 전 해야할 것과 물놀이를 할 때 주의해야할 행동도 알아보는 시간을 가졌습니다.\n 활동을 확장하여 더운 여름을 이겨낼 수 있는 방법에 대해 그림으로 표현해 보는 시간도 가졌는데, \n 빈이는 지난 주에 다녀온 물놀이가 즐거웠는지, 아주 멋진 작풉을 완성하였습니다.','2024-02-14',NULL,'',0,0,0,0,2,12),(46,'공휴일은 잘 보내셨나요? 우리 빈이가 차량에서 내리자마자 교실에 와서 조금 눈물을 글썽거리는 모습이 있었지만 친구들에게 줄 간식을 빈이가 나눠주자고 하였더니 금새 얼굴이 환해졌답니다. 쥬쥬 스토리에서 당나귀 친구가 와서 거부감 없이 멋지게 당나귀를 타 보았어요. 처음에는 당나귀를 처음 봐서 그런지 잠깐 보고 있다가 준이 반이 타고 있을 때 괜찮다고 무섭지 않다고 말해주었더니 씩씩하게 당나귀를 탔답니다.\n오늘 오후에는 점심을 먹자고 하니 우리 빈이가 그때부터 울었어요. 점심시간은 처음에 안 먹고 있다가 제가 한 번 먹여주고 스스로 먹어보자고 이야기를 해주었어요. 밥을 떠서 먹여준 후 빈이가 먹기 싫다고 말해서 한 번 더 떠서 먹이고 이야기를 하니 빈이가 반찬으로 나오는 새우는 알러지가 있어서 안 먹는다고 하더라구요. 이후에는 빈이가 국물과 함께 밥을 다 먹었답니다.\n','2024-02-15',NULL,'보통',1.5,90.3,36.5,10.1,2,12),(47,'찬영이는 유치원에서 항상 활기차게 생활하고 있어요. 매일 아침, 찬영이의 밝은 미소와 흥겨운 발걸음으로 하루가 시작됩니다. 찬영이는 친구들과 함께 뛰어놀기를 좋아하며, 놀이터에서 웃음소리가 가장 크게 울려 퍼져요. 그림 그리기 시간에는 찬영이만의 독특한 그림을 그리며, 선생님께서 주신 칭찬을 자주 받습니다. 특히, 찬영이의 그림 속 세계는 항상 행복하고 사랑스럽답니다. 음악 시간에는 찬영이의 멋진 춤을 볼 수 있는데, 음악에 맞춰 춤추는 찬영이의 모습은 너무나 사랑스럽습니다. 찬영이는 매일 새로운 것을 배우는 것을 즐기는 아이로, 오늘은 스스로 신발끈을 묶는 법을 배웠어요. 찬영이의 유치원 생활은 그의 성장과 발전을 지켜보는 저희에게 큰 행복을 주고 있습니다.','2024-02-15',NULL,'딱딱함',1.5,78.4,36.5,10.8,2,13),(48,'오늘은 꿀벌나라 테마공원과 전적비에 다녀왔습니다. 처음으로 가 보는 꿀벌나라 테마공원에 가서 꿀벌에 대해서 설명을 들어 보기도 하였고, 벌의 종류인 꿀벌과 여왕벌이 하는 일과 꿀벌은 우리에게 주는 이로운 점에 대해서도 알게 되었답니다. 우리나라를 위해서 희생하신 국군 아저씨와 탱크, 비행기를 보고 사진도 찍어 보았어요. 오늘은 아이들이 신나게 보낸 하루였답니다.\n우리 민율이가 차를 타고 내려가서 꿀벌 나라에 가는 도중 무섭다고 긴장하기는 했지만 손을 잡아주고 괜찮다고 말해주니 꿀벌나라에서 체험을 했답니다. 돌아와서 점심을 먹으려고 하니 어머니가 생각나 전화도 함께 걸었어요.','2024-02-15',NULL,'보통',2.5,78.2,35.9,10.6,2,11),(49,'리환이의 새로운 유치원 생활은 매일 새로운 모험으로 가득 차 있어요. 리환이는 이제 자신의 일을 스스로 해결하는 능력을 키우고 있습니다. 자신의 신발을 직접 신고, 도시락을 스스로 까는 모습이 자랑스럽습니다. 그리고 리환이는 친구들과의 관계에서도 성장을 보여주고 있어요. 새로 온 친구를 직접 소개하고, 친구들과의 문제를 스스로 해결하는 모습을 보여주고 있답니다. 또한, 리환이는 수업 시간에도 집중력을 보여주고 있어요. 특히, 독서 시간에는 선생님의 이야기를 꼼꼼히 듣고, 이해한 내용을 친구들과 공유하는 모습이 인상적입니다. 리환이의 새로운 유치원 생활은 그의 자립심과 사회성, 학습능력을 키우는 데 큰 도움이 되고 있습니다. 리환이의 더욱 성장하는 모습을 기대하며, 항상 그를 응원합니다.','2024-02-15',NULL,'묽음',0.5,78.9,36.1,10.9,2,15),(50,'세윤이의 유치원 생활은 매일매일 새로운 발견과 경험으로 가득해요. 최근에는 \'자연 친구\'라는 주제로 프로젝트를 시작했습니다. 세윤이는 나무와 꽃, 동물들을 관찰하며 자연에 대한 이해를 높이고 있어요. 특히, 나비가 애벌레에서 변화하는 과정을 직접 관찰하며 큰 흥미를 보였답니다. 또한, 세윤이는 요리 활동을 통해 다양한 음식에 대해 배우고 있습니다. 간단한 샌드위치부터 시작해, 이제는 손수 만든 김밥을 점심시간에 먹는 모습이 멋지답니다. 그리고 세윤이는 운동회 준비를 위해 친구들과 춤 연습을 열심히 하고 있어요. 세윤이의 열정적인 모습은 유치원 생활의 중요한 일부를 차지하고 있습니다. 세윤이의 능동적이고 창의적인 유치원 생활은 그의 발전을 돕고, 새로운 세상을 발견하는 데 큰 도움이 되고 있습니다.','2024-02-15',NULL,'보통',1.5,79.6,36.4,9.8,2,14),(52,'공휴일은 잘 보내셨나요? 우리 찬영이가 차량에서 내리자마자 교실에 와서 조금 눈물을 글썽거리는 모습이 있었지만 친구들에게 줄 간식을 찬영이가 나눠주자고 하였더니 금새 얼굴이 환해졌답니다. 쥬쥬 스토리에서 당나귀 친구가 와서 거부감 없이 멋지게 당나귀를 타 보았어요. 처음에는 당나귀를 처음 봐서 그런지 잠깐 보고 있다가 지아 반이 타고 있을 때 괜찮다고 무섭지 않다고 말해주었더니 씩씩하게 당나귀를 탔답니다.\n오늘 오후에는 점심을 먹자고 하니 우리 찬영이가 그때부터 울었어요. 점심시간은 처음에 안 먹고 있다가 제가 한 번 먹여주고 스스로 먹어보자고 이야기를 해주었어요. 밥을 떠서 먹여준 후 찬영이가 먹기 싫다고 말해서 한 번 더 떠서 먹이고 이야기를 하니 찬영이가 반찬으로 나오는 새우는 알러지가 있어서 안 먹는다고 하더라구요. 이후에는 찬영이가 국물과 함께 밥을 다 먹었답니다.\n','2024-02-14',NULL,NULL,NULL,NULL,NULL,NULL,2,13),(53,'오늘은 꿀벌나라 테마공원과 전적비에 다녀왔습니다. 처음으로 가 보는 꿀벌나라 테마공원에 가서 꿀벌에 대해서 설명을 들어 보기도 하였고, 벌의 종류인 꿀벌과 여왕벌이 하는 일과 꿀벌은 우리에게 주는 이로운 점에 대해서도 알게 되었답니다. 우리나라를 위해서 희생하신 국군 아저씨와 탱크, 비행기를 보고 사진도 찍어 보았어요. 오늘은 아이들이 신나게 보낸 하루였답니다.\n우리 찬영이가 차를 타고 내려가서 꿀벌 나라에 가는 도중 무섭다고 긴장하기는 했지만 손을 잡아주고 괜찮다고 말해주니 꿀벌나라에서 체험을 했답니다. 돌아와서 점심을 먹으려고 하니 어머니가 생각나 전화도 함께 걸었어요.\n','2024-02-13',NULL,NULL,NULL,NULL,NULL,NULL,2,13),(54,'찬영이의 새로운 유치원 생활은 매일 새로운 모험으로 가득 차 있어요. 찬영이는 이제 자신의 일을 스스로 해결하는 능력을 키우고 있습니다. 자신의 신발을 직접 신고, 도시락을 스스로 까는 모습이 자랑스럽습니다. 그리고 찬영이는 친구들과의 관계에서도 성장을 보여주고 있어요. 새로 온 친구를 직접 소개하고, 친구들과의 문제를 스스로 해결하는 모습을 보여주고 있답니다. 또한, 찬영이는 수업 시간에도 집중력을 보여주고 있어요. 특히, 독서 시간에는 선생님의 이야기를 꼼꼼히 듣고, 이해한 내용을 친구들과 공유하는 모습이 인상적입니다. 찬영이의 새로운 유치원 생활은 그의 자립심과 사회성, 학습능력을 키우는 데 큰 도움이 되고 있습니다. 찬영이의 더욱 성장하는 모습을 기대하며, 항상 그를 응원합니다.','2024-02-08',NULL,NULL,NULL,NULL,NULL,NULL,2,13),(55,'찬영이의 유치원 생활은 매일매일 새로운 발견과 경험으로 가득해요. 최근에는 “자연 친구”라는 주제로 프로젝트를 시작했습니다. 찬영이는 나무와 꽃, 동물들을 관찰하며 자연에 대한 이해를 높이고 있어요. 특히, 나비가 애벌레에서 변화하는 과정을 직접 관찰하며 큰 흥미를 보였답니다. 또한, 찬영이는 요리 활동을 통해 다양한 음식에 대해 배우고 있습니다. 간단한 샌드위치부터 시작해, 이제는 손수 만든 김밥을 점심시간에 먹는 모습이 멋지답니다. 그리고 찬영이는 운동회 준비를 위해 친구들과 춤 연습을 열심히 하고 있어요. 찬영이의 열정적인 모습은 유치원 생활의 중요한 일부를 차지하고 있습니다. 찬영이의 능동적이고 창의적인 유치원 생활은 그의 발전을 돕고, 새로운 세상을 발견하는 데 큰 도움이 되고 있습니다.\n','2024-02-07',NULL,NULL,NULL,NULL,NULL,NULL,2,13),(56,'산책을 하면서 주워왔던 나뭇잎과 솔방울로 놀이를 해 보았습니다. 찬영이가 트럭 모형 장난감에 솔방울을 실어서 옮겨보기도 하고 입으로 바람을 불어 나뭇잎이 팔랑팔랑 움직여보는 놀이도 해 보았습니다. 찬영이도 열심히 불었지만 조준이 잘 되지 않아 나뭇잎이 잘 움직이지 않네요. 그래도 선생님이 불어서 움직이는 나뭇잎을 보고 즐거워하며 찬영이도 해보려고 노력하네요^^\n나뭇잎을 높이 들어 떨어뜨리며 “팔랑팔랑”이라고 이야기를 하니 따라서 “팔랑팔랑”하고 이야기를 하며 노는 찬영이입니다. 아침에 비가와서 아이들에게 2층에 가서 놀자고 하니 아이들이 싫다고 하며 놀이터에 가자고 하네요. 다행히 비가 그치고 땅도 조금 마른 것 같아 실외활동을 하였습니다. 놀이기구의 물을 닦아주자 닦지 않은 놀이기구를 알려주며 닦아달라고 하네요! 오늘도 신나게 뛰어논 찬영이는 다행히 열이 없었고 자기 전에도 열을 측정하였는데 36.8도로 정상 체온이더라구요. 자고 일어나서도 확인을 계속 해보겠습니다.\n','2024-02-06',NULL,NULL,NULL,NULL,NULL,NULL,2,13),(57,'오늘 찬영이와 민율이는 유치원에서 함께 특별한 시간을 보냈어요. 아침에 유치원에 도착하자마자 두 친구는 서로를 향해 밝은 미소로 인사했습니다. 그들은 함께 놀이터에서 뛰어놀며 하루를 시작했어요. 민율이는 찬영이를 따라 모래놀이를 하며 무언가를 만들었어요. 그들이 만든 모래성은 정말 멋있었습니다.\n그리고는 수업 시간, 민율이는 찬영이의 도움을 받아 그림을 그렸습니다. 선생님이 주제로 제시한 “나의 꿈”에 대해 민율이는 병원을 그렸고, 찬영이는 우주비행사를 그렸어요. 그들의 그림은 각자의 꿈을 잘 표현하고 있었습니다.\n점심시간에는 민율이와 찬영이가 서로의 도시락을 나눠 먹었습니다. 찬영이의 엄마가 만든 김밥과 민율이의 엄마가 준비한 과일을 함께 먹으며 즐거운 시간을 보냈습니다.\n하루 종일 함께 보낸 두 친구의 유치원 생활은 그들의 우정을 더욱 깊게 만들어 주었습니다. 찬영이와 민율이의 유치원 생활은 매일 새로운 추억을 만들어 가고 있어요.\n','2024-02-05',NULL,NULL,NULL,NULL,NULL,NULL,2,13),(58,'오늘 찬영이와 친구들은 유치원 강당에서 자유롭게 체조를 하고 공놀이를 했습니다. 아침에 도착하자마자 찬영이와 친구들은 강당으로 달려갔습니다. 강당에 도착하자마자 찬영이는 친구들과 함께 체조 동작을 시작했습니다. 웃음소리와 함께 체조 동작을 따라 하는 모습이 너무나 활기차 보였습니다.\n그리고는 찬영이와 윤후는 공놀이에 몰두했습니다. 두 친구는 공을 서로 넘겨주며 웃음소리가 가득한 강당을 채웠습니다. 공을 받아 넘겨주는 동작 하나하나에서도 두 친구의 훌륭한 협동심을 볼 수 있었습니다.\n점심시간에는 체조와 공놀이에 대한 이야기를 나누었습니다. 찬영이는 윤후에게 공놀이에서의 재미있었던 순간을 이야기하며 웃음을 터뜨렸습니다. 윤후도 찬영이와의 공놀이 이야기를 들으며 즐거워했습니다.\n오늘의 유치원 생활은 찬영이와 윤후에게 체조와 공놀이를 통한 협동심과 친구 사이의 끈끈한 우정을 느낄 수 있는 소중한 시간이었습니다. 매일 새롭게 펼쳐지는 찬영이와 친구들의 유치원 생활은 그들의 성장을 돕고 있습니다.\n','2024-02-02',NULL,NULL,NULL,NULL,NULL,NULL,2,13),(59,'오늘 유치원에는 핑크색깔 아기 인형이 도착했습니다. 인형을 보자마자 찬영이와 친구들은 눈이 빛났습니다. 모두 그 인형을 가지고 싶어했지만, 찬영이는 친구들에게 인형을 양보했습니다. 찬영이의 모습은 정말로 멋졌습니다.\n찬영이의 이런 행동에 친구들도 놀랐습니다. 그들은 찬영이의 배려심에 감사의 눈빛을 보내며, 찬영이에게 칭찬의 박수를 보냈습니다. 선생님도 찬영이의 이런 행동을 보고 칭찬하며, 다른 친구들에게도 배려심에 대해 이야기해주었습니다.\n점심시간에는 찬영이의 이야기가 계속되었습니다. 찬영이는 친구들과 함께 점심을 먹으며 그들이 인형을 즐겁게 가지고 놀고 있는 모습을 보며 웃었습니다. 찬영이는 친구들이 행복한 모습을 보며 자신도 행복함을 느꼈습니다.\n오늘의 유치원 생활은 찬영이에게 배려심과 친구에 대한 사랑을 가르쳐준 소중한 시간이었습니다.\n','2024-02-01',NULL,NULL,NULL,NULL,NULL,NULL,2,13),(60,'유치원에서 친구들과 함께 만화영화를 보는 특별한 시간을 가졌습니다. 찬영이가 본 만화영화는 “미니특공대”였습니다. 찬영이는 영화에서 벌어지는 모험에 흥미진진한 표정을 지었습니다.\n영화가 끝나고 찬영이는 친구들과 함께 소감을 나누었습니다. 영화의 재미있는 부분을 떠올리며 웃었고, 영화 속 주인공의 용기에 감동했다고 이야기했습니다. 친구들도 찬영이의 이야기에 공감하며 즐거운 시간을 보냈습니다.\n점심시간에는 찬영이와 친구들이 만화영화에 대한 이야기를 계속 나누었습니다. 그들이 본 영화의 재미있는 장면을 떠올리며 웃음소리가 식당을 가득 채웠습니다.\n오늘의 유치원 생활은 찬영이에게 영화를 통한 상상력과 친구들과의 소통을 배울 수 있는 소중한 시간이었습니다. \n','2024-02-16',NULL,NULL,NULL,NULL,NULL,NULL,2,13),(61,'공휴일은 잘 보내셨나요? 우리 민율이가 차량에서 내리자마자 교실에 와서 조금 눈물을 글썽거리는 모습이 있었지만 친구들에게 줄 간식을 민율이가 나눠주자고 하였더니 금새 얼굴이 환해졌답니다. 쥬쥬 스토리에서 당나귀 친구가 와서 거부감 없이 멋지게 당나귀를 타 보았어요. 처음에는 당나귀를 처음 봐서 그런지 잠깐 보고 있다가 민국이 반이 타고 있을 때 괜찮다고 무섭지 않다고 말해주었더니 씩씩하게 당나귀를 탔답니다.\n오늘 오후에는 점심을 먹자고 하니 우리 민율이가 그때부터 울었어요. 점심시간은 처음에 안 먹고 있다가 제가 한 번 먹여주고 스스로 먹어보자고 이야기를 해주었어요. 밥을 떠서 먹여준 후 민율이가 먹기 싫다고 말해서 한 번 더 떠서 먹이고 이야기를 하니 민율이가 반찬으로 나오는 새우는 알러지가 있어서 안 먹는다고 하더라구요. 이후에는 민율이가 국물과 함께 밥을 다 먹었답니다.\n','2024-02-13',NULL,NULL,NULL,NULL,NULL,NULL,2,11),(62,'민율이는 유치원에서 항상 활기차게 생활하고 있어요. 매일 아침, 민율이의 밝은 미소와 흥겨운 발걸음으로 하루가 시작됩니다. 민율이는 친구들과 함께 뛰어놀기를 좋아하며, 놀이터에서 웃음소리가 가장 크게 울려 퍼져요. 그림 그리기 시간에는 민율이만의 독특한 그림을 그리며, 선생님께서 주신 칭찬을 자주 받습니다. 특히, 민율이의 그림 속 세계는 항상 행복하고 사랑스럽답니다. 음악 시간에는 민율이의 멋진 춤을 볼 수 있는데, 음악에 맞춰 춤추는 민율이의 모습은 너무나 사랑스럽습니다. 민율이는 매일 새로운 것을 배우는 것을 즐기는 아이로, 오늘은 스스로 신발끈을 묶는 법을 배웠어요. 민율이의 유치원 생활은 그의 성장과 발전을 지켜보는 저희에게 큰 행복을 주고 있습니다.\n','2024-02-14',NULL,NULL,NULL,NULL,NULL,NULL,2,11),(63,'민율이의 새로운 유치원 생활은 매일 새로운 모험으로 가득 차 있어요. 민율이는 이제 자신의 일을 스스로 해결하는 능력을 키우고 있습니다. 자신의 신발을 직접 신고, 도시락을 스스로 까는 모습이 자랑스럽습니다. 그리고 민율이는 친구들과의 관계에서도 성장을 보여주고 있어요. 새로 온 친구를 직접 소개하고, 친구들과의 문제를 스스로 해결하는 모습을 보여주고 있답니다. 또한, 민율이는 수업 시간에도 집중력을 보여주고 있어요. 특히, 독서 시간에는 선생님의 이야기를 꼼꼼히 듣고, 이해한 내용을 친구들과 공유하는 모습이 인상적입니다. 민율이의 새로운 유치원 생활은 그의 자립심과 사회성, 학습능력을 키우는 데 큰 도움이 되고 있습니다. 민율이의 더욱 성장하는 모습을 기대하며, 항상 그를 응원합니다.\n','2024-02-08',NULL,NULL,NULL,NULL,NULL,NULL,2,11),(64,'산책을 하면서 주워왔던 나뭇잎과 솔방울로 놀이를 해 보았습니다. 민율이가 트럭 모형 장난감에 솔방울을 실어서 옮겨보기도 하고 입으로 바람을 불어 나뭇잎이 팔랑팔랑 움직여보는 놀이도 해 보았습니다. 민율이도 열심히 불었지만 조준이 잘 되지 않아 나뭇잎이 잘 움직이지 않네요. 그래도 선생님이 불어서 움직이는 나뭇잎을 보고 즐거워하며 민율이도 해보려고 노력하네요^^\n나뭇잎을 높이 들어 떨어뜨리며 ‘팔랑팔랑’이라고 이야기를 하니 따라서 ‘팔랑팔랑’하고 이야기를 하며 노는 민율이입니다. 아침에 비가와서 아이들에게 2층에 가서 놀자고 하니 아이들이 싫다고 하며 놀이터에 가자고 하네요. 다행히 비가 그치고 땅도 조금 마른 것 같아 실외활동을 하였습니다. 놀이기구의 물을 닦아주자 닦지 않은 놀이기구를 알려주며 닦아달라고 하네요! 오늘도 신나게 뛰어논 민율이는 다행히 열이 없었고 자기 전에도 열을 측정하였는데 36.8도로 정상 체온이더라구요. 자고 일어나서도 확인을 계속 해보겠습니다.\n','2024-02-06',NULL,NULL,NULL,NULL,NULL,NULL,2,11),(65,'오늘 민율이와 지아는 유치원에서 블럭놀이에 열중했습니다. 아침에 도착하자마자 두 친구는 블럭놀이 코너로 달려갔습니다. 민율이와 지아는 블럭을 쌓아올려 하나의 큰 성을 만드는 데 열중했습니다. 지아는 성의 문을 담당하고, 민율이는 성의 탑을 만들었습니다. 두 친구는 함께 협력하며 멋진 성을 완성했습니다.\n그리고는 블럭놀이를 통해 여러 가지 이야기를 나눴습니다. 민율이는 지아에게 성의 탑이 얼마나 높아야 하는지 설명했고, 지아는 성문이 어떻게 열리고 닫히는지 보여주었습니다. 두 친구는 블럭놀이를 통해 상상력과 창의력을 키웠습니다.\n점심시간에는 블럭놀이에 대한 이야기를 계속 나누었습니다. 민율이와 지아는 서로의 도시락을 나눠 먹으며 그들이 만든 성에 대한 이야기를 했습니다. 그들의 눈은 블럭놀이에 대한 열정으로 빛났습니다.\n오늘의 유치원 생활은 민율이와 지아에게 블럭놀이를 통한 협력과 창의력, 상상력을 키울 수 있는 소중한 시간이었습니다. 두 친구의 유치원 생활은 매일 새로운 발견과 경험으로 가득 차 있습니다.\n','2024-02-07',NULL,NULL,NULL,NULL,NULL,NULL,2,11),(66,'오늘 민율이와 친구들은 유치원 강당에서 자유롭게 체조를 하고 공놀이를 했습니다. 아침에 도착하자마자 민율이와 친구들은 강당으로 달려갔습니다. 강당에 도착하자마자 민율이는 친구들과 함께 체조 동작을 시작했습니다. 웃음소리와 함께 체조 동작을 따라 하는 모습이 너무나 활기차 보였습니다.\n그리고는 민율이와 윤후는 공놀이에 몰두했습니다. 두 친구는 공을 서로 넘겨주며 웃음소리가 가득한 강당을 채웠습니다. 공을 받아 넘겨주는 동작 하나하나에서도 두 친구의 훌륭한 협동심을 볼 수 있었습니다.\n점심시간에는 체조와 공놀이에 대한 이야기를 나누었습니다. 민율이는 윤후에게 공놀이에서의 재미있었던 순간을 이야기하며 웃음을 터뜨렸습니다. 윤후도 민율이와의 공놀이 이야기를 들으며 즐거워했습니다.\n오늘의 유치원 생활은 민율이와 윤후에게 체조와 공놀이를 통한 협동심과 친구 사이의 끈끈한 우정을 느낄 수 있는 소중한 시간이었습니다. 매일 새롭게 펼쳐지는 민율이와 친구들의 유치원 생활은 그들의 성장을 돕고 있습니다.\n','2024-02-05',NULL,NULL,NULL,NULL,NULL,NULL,2,11),(67,'유치원에서 친구들과 함께 만화영화를 보는 특별한 시간을 가졌습니다. 빈이가 본 만화영화는 “미니특공대”였습니다. 빈이는 영화에서 벌어지는 모험에 흥미진진한 표정을 지었습니다.\n영화가 끝나고 빈이는 친구들과 함께 소감을 나누었습니다. 영화의 재미있는 부분을 떠올리며 웃었고, 영화 속 주인공의 용기에 감동했다고 이야기했습니다. 친구들도 빈이의 이야기에 공감하며 즐거운 시간을 보냈습니다.\n점심시간에는 빈이와 친구들이 만화영화에 대한 이야기를 계속 나누었습니다. 그들이 본 영화의 재미있는 장면을 떠올리며 웃음소리가 식당을 가득 채웠습니다.\n오늘의 유치원 생활은 빈이에게 영화를 통한 상상력과 친구들과의 소통을 배울 수 있는 소중한 시간이었습니다. \n','2024-02-05',NULL,NULL,NULL,NULL,NULL,NULL,2,12),(68,'오늘 빈이는 친구들과 함께 동요를 부르기 시작했습니다. 빈이는 동요에 맞춰 율동하며 즐거운 표정을 지었습니다.\n빈이의 목소리는 밝고 활기차 보였습니다. 그의 목소리는 강당을 가득 채웠고, 친구들도 빈이를 따라 동요를 부르며 웃음을 터뜨렸습니다. 빈이의 이런 모습은 선생님과 친구들로부터 칭찬을 받았습니다.\n점심시간에는 빈이의 동요 이야기가 계속되었습니다. 빈이는 친구들과 함께 점심을 먹으며 그들이 즐거워하는 모습을 보며 자신도 행복함을 느꼈습니다.\n오늘의 유치원 생활은 빈이에게 동요를 통해 음악에 대한 사랑과 표현력을 느낄 수 있는 소중한 시간이었습니다. 빈이의 활발하고 즐거운 모습은 그가 어떤 멋진 사람이 될지를 보여주는 소중한 순간이었습니다.\n','2024-02-06',NULL,NULL,NULL,NULL,NULL,NULL,2,12),(69,'아침에 유치원에 도착하자마자, 빈이는 바로 영어 수업으로 향했습니다. 선생님은 재미있는 이야기와 노래를 통해 알파벳을 소개하여 학습 과정을 더욱 흥미롭고 즐겁게 만들었습니다.\n빈이는 자신의 이름 첫 글자인 “S”에 특히 흥미를 보였습니다. 그는 알파벳과 그 소리를 여러 번 반복했습니다. 친구들은 그를 박수로 칭찬하며, 빈이는 자신감을 느꼈습니다.\n점심시간에는 빈이가 새로 배운 것을 친구들과 공유했습니다. 그들은 기억하는 다른 알파벳을 차례로 말하며 차례를 돌렸습니다. 식당은 영어 알파벳의 소리로 가득 찼습니다.\n오늘의 유치원 생활은 빈이에게 영어 알파벳을 배울 수 있는 소중한 시간이었습니다, 그로 인해 빈이는 지적으로 성장하는 데 도움이 되었습니다. 빈이의 유치원 생활은 항상 새로운 배움과 경험으로 가득 차 있습니다.\n','2024-02-07',NULL,NULL,NULL,NULL,NULL,NULL,2,12),(70,'오늘 빈이는 유치원에서 춤 연습과 재롱잔치에 참여한 하루를 보냈습니다. 아침에 유치원에 도착하자마자 빈이는 연습실로 달려갔습니다. 그의 선택은 “행복한 나날”이라는 춤이었습니다. 빈이는 음악에 맞춰 춤을 추며 즐거운 표정을 지었습니다.\n그 후, 빈이는 재롱잔치에 참여했습니다. 빈이의 재롱은 “토끼와 거북이” 이야기였습니다. 빈이는 토끼와 거북이의 목소리를 따라하며 친구들을 웃게 했습니다. 그의 재롱은 선생님과 친구들로부터 박수를 받았습니다.\n점심시간에는 빈이의 춤과 재롱 이야기가 계속되었습니다. 빈이는 친구들과 함께 점심을 먹으며 그들이 웃는 모습을 보며 자신도 행복함을 느꼈습니다.\n오늘의 유치원 생활은 빈이에게 춤과 재롱을 통한 표현력과 창의력을 키울 수 있는 소중한 시간이었습니다. 빈이의 활발하고 창의적인 모습은 어떤 멋진 사람이 될지를 보여주는 소중한 순간이었습니다.\n','2024-02-08',NULL,NULL,NULL,NULL,NULL,NULL,2,12),(71,'리환이의 유치원 생활은 매일매일 새로운 발견과 경험으로 가득해요. 최근에는 “자연 친구”라는 주제로 프로젝트를 시작했습니다. 리환이는 나무와 꽃, 동물들을 관찰하며 자연에 대한 이해를 높이고 있어요. 특히, 나비가 애벌레에서 변화하는 과정을 직접 관찰하며 큰 흥미를 보였답니다. 또한, 리환이는 요리 활동을 통해 다양한 음식에 대해 배우고 있습니다. 간단한 샌드위치부터 시작해, 이제는 손수 만든 김밥을 점심시간에 먹는 모습이 멋지답니다. 그리고 리환이는 운동회 준비를 위해 친구들과 춤 연습을 열심히 하고 있어요. 리환이의 열정적인 모습은 유치원 생활의 중요한 일부를 차지하고 있습니다. 리환이의 능동적이고 창의적인 유치원 생활은 그의 발전을 돕고, 새로운 세상을 발견하는 데 큰 도움이 되고 있습니다.','2024-02-14',NULL,NULL,NULL,NULL,NULL,NULL,2,15),(72,'오늘 리환이와 친구들은 유치원 강당에서 자유롭게 체조를 하고 공놀이를 했습니다. 아침에 도착하자마자 리환이와 친구들은 강당으로 달려갔습니다. 강당에 도착하자마자 리환이는 친구들과 함께 체조 동작을 시작했습니다. 웃음소리와 함께 체조 동작을 따라 하는 모습이 너무나 활기차 보였습니다.\n그리고는 리환이와 윤후는 공놀이에 몰두했습니다. 두 친구는 공을 서로 넘겨주며 웃음소리가 가득한 강당을 채웠습니다. 공을 받아 넘겨주는 동작 하나하나에서도 두 친구의 훌륭한 협동심을 볼 수 있었습니다.\n점심시간에는 체조와 공놀이에 대한 이야기를 나누었습니다. 리환이는 윤후에게 공놀이에서의 재미있었던 순간을 이야기하며 웃음을 터뜨렸습니다. 윤후도 리환이와의 공놀이 이야기를 들으며 즐거워했습니다.\n오늘의 유치원 생활은 리환이와 윤후에게 체조와 공놀이를 통한 협동심과 친구 사이의 끈끈한 우정을 느낄 수 있는 소중한 시간이었습니다. 매일 새롭게 펼쳐지는 리환이와 친구들의 유치원 생활은 그들의 성장을 돕고 있습니다.\n','2024-02-13',NULL,NULL,NULL,NULL,NULL,NULL,2,15),(73,'오늘 리환이는 동화책 읽기에 열중한 하루를 보냈습니다. 아침에 유치원에 도착하자마자, 리환이는 도서관 코너로 달려갔습니다. 그의 선택은 “잠자는 숲속의 공주”였습니다. 리환이는 책을 펼치고 천천히 글을 읽기 시작했습니다.\n리환이의 목소리는 조금은 흔들리지만, 그의 눈빛은 집중력이 넘쳤습니다. 선생님이 가르쳐준 대로, 리환이는 어려운 단어를 만나면 천천히 발음하며 이해하려 노력했습니다. 그의 노력은 선생님과 친구들에게 칭찬을 받았습니다.\n점심시간에는 리환이가 읽은 동화 이야기를 친구들과 나누었습니다. 리환이는 동화 속 이야기를 흥미진진하게 전하며, 친구들은 그의 이야기에 집중하며 들었습니다.\n오늘의 유치원 생활은 리환이에게 책을 읽는 즐거움과 동화 속 세계를 체험하는 소중한 시간이었습니다. 리환이의 노력과 성장하는 모습은 어떤 멋진 사람이 될지를 보여주는 소중한 순간이었습니다. 리환이의 유치원 생활은 항상 새로운 배움과 경험으로 가득 차 있습니다.\n','2024-02-08',NULL,NULL,NULL,NULL,NULL,NULL,2,15),(74,'오늘 리환이는 유치원에서 춤 연습과 재롱잔치에 참여한 하루를 보냈습니다. 아침에 유치원에 도착하자마자 리환이는 연습실로 달려갔습니다. 그의 선택은 “행복한 나날”이라는 춤이었습니다. 리환이는 음악에 맞춰 춤을 추며 즐거운 표정을 지었습니다.\n그 후, 리환이는 재롱잔치에 참여했습니다. 리환이의 재롱은 “토끼와 거북이” 이야기였습니다. 리환이는 토끼와 거북이의 목소리를 따라하며 친구들을 웃게 했습니다. 그의 재롱은 선생님과 친구들로부터 박수를 받았습니다.\n점심시간에는 리환이의 춤과 재롱 이야기가 계속되었습니다. 리환이는 친구들과 함께 점심을 먹으며 그들이 웃는 모습을 보며 자신도 행복함을 느꼈습니다.\n오늘의 유치원 생활은 리환이에게 춤과 재롱을 통한 표현력과 창의력을 키울 수 있는 소중한 시간이었습니다. 리환이의 활발하고 창의적인 모습은 어떤 멋진 사람이 될지를 보여주는 소중한 순간이었습니다.\n','2024-02-07',NULL,NULL,NULL,NULL,NULL,NULL,2,15),(75,'아침에 유치원에 도착하자마자, 리환이는 바로 영어 수업으로 향했습니다. 선생님은 재미있는 이야기와 노래를 통해 알파벳을 소개하여 학습 과정을 더욱 흥미롭고 즐겁게 만들었습니다.\n리환이는 자신의 이름 첫 글자인 “S”에 특히 흥미를 보였습니다. 그는 알파벳과 그 소리를 여러 번 반복했습니다. 친구들은 그를 박수로 칭찬하며, 리환이는 자신감을 느꼈습니다.\n점심시간에는 리환이가 새로 배운 것을 친구들과 공유했습니다. 그들은 기억하는 다른 알파벳을 차례로 말하며 차례를 돌렸습니다. 식당은 영어 알파벳의 소리로 가득 찼습니다.\n오늘의 유치원 생활은 리환이에게 영어 알파벳을 배울 수 있는 소중한 시간이었습니다, 그로 인해 리환이는 지적으로 성장하는 데 도움이 되었습니다. 리환이의 유치원 생활은 항상 새로운 배움과 경험으로 가득 차 있습니다.\n','2024-02-06',NULL,NULL,NULL,NULL,NULL,NULL,2,15),(76,'유치원에서 친구들과 함께 만화영화를 보는 특별한 시간을 가졌습니다. 리환이가 본 만화영화는 “미니특공대”였습니다. 리환이는 영화에서 벌어지는 모험에 흥미진진한 표정을 지었습니다.\n영화가 끝나고 리환이는 친구들과 함께 소감을 나누었습니다. 영화의 재미있는 부분을 떠올리며 웃었고, 영화 속 주인공의 용기에 감동했다고 이야기했습니다. 친구들도 리환이의 이야기에 공감하며 즐거운 시간을 보냈습니다.\n점심시간에는 리환이와 친구들이 만화영화에 대한 이야기를 계속 나누었습니다. 그들이 본 영화의 재미있는 장면을 떠올리며 웃음소리가 식당을 가득 채웠습니다.\n오늘의 유치원 생활은 리환이에게 영화를 통한 상상력과 친구들과의 소통을 배울 수 있는 소중한 시간이었습니다. \n','2024-02-05',NULL,NULL,NULL,NULL,NULL,NULL,2,15),(77,'공휴일은 잘 보내셨나요? 우리 세윤이가 차량에서 내리자마자 교실에 와서 조금 눈물을 글썽거리는 모습이 있었지만 친구들에게 줄 간식을 세윤이가 나눠주자고 하였더니 금새 얼굴이 환해졌답니다. 쥬쥬 스토리에서 당나귀 친구가 와서 거부감 없이 멋지게 당나귀를 타 보았어요. 처음에는 당나귀를 처음 봐서 그런지 잠깐 보고 있다가 지아 반이 타고 있을 때 괜찮다고 무섭지 않다고 말해주었더니 씩씩하게 당나귀를 탔답니다.\n오늘 오후에는 점심을 먹자고 하니 우리 세윤이가 그때부터 울었어요. 점심시간은 처음에 안 먹고 있다가 제가 한 번 먹여주고 스스로 먹어보자고 이야기를 해주었어요. 밥을 떠서 먹여준 후 세윤이가 먹기 싫다고 말해서 한 번 더 떠서 먹이고 이야기를 하니 세윤이가 반찬으로 나오는 새우는 알러지가 있어서 안 먹는다고 하더라구요. 이후에는 세윤이가 국물과 함께 밥을 다 먹었답니다.\n','2024-02-13',NULL,NULL,NULL,NULL,NULL,NULL,2,14),(78,'오늘은 꿀벌나라 테마공원과 전적비에 다녀왔습니다. 처음으로 가 보는 꿀벌나라 테마공원에 가서 꿀벌에 대해서 설명을 들어 보기도 하였고, 벌의 종류인 꿀벌과 여왕벌이 하는 일과 꿀벌은 우리에게 주는 이로운 점에 대해서도 알게 되었답니다. 우리나라를 위해서 희생하신 국군 아저씨와 탱크, 비행기를 보고 사진도 찍어 보았어요. 오늘은 아이들이 신나게 보낸 하루였답니다.\n우리 세윤이가 차를 타고 내려가서 꿀벌 나라에 가는 도중 무섭다고 긴장하기는 했지만 손을 잡아주고 괜찮다고 말해주니 꿀벌나라에서 체험을 했답니다. 돌아와서 점심을 먹으려고 하니 어머니가 생각나 전화도 함께 걸었어요.\n','2024-02-14',NULL,NULL,NULL,NULL,NULL,NULL,2,14),(79,'산책을 하면서 주워왔던 나뭇잎과 솔방울로 놀이를 해 보았습니다. 세윤이가 트럭 모형 장난감에 솔방울을 실어서 옮겨보기도 하고 입으로 바람을 불어 나뭇잎이 팔랑팔랑 움직여보는 놀이도 해 보았습니다. 세윤이도 열심히 불었지만 조준이 잘 되지 않아 나뭇잎이 잘 움직이지 않네요. 그래도 선생님이 불어서 움직이는 나뭇잎을 보고 즐거워하며 세윤이도 해보려고 노력하네요^^\n나뭇잎을 높이 들어 떨어뜨리며 “팔랑팔랑”이라고 이야기를 하니 따라서 “팔랑팔랑”하고 이야기를 하며 노는 세윤이입니다. 아침에 비가와서 아이들에게 2층에 가서 놀자고 하니 아이들이 싫다고 하며 놀이터에 가자고 하네요. 다행히 비가 그치고 땅도 조금 마른 것 같아 실외활동을 하였습니다. 놀이기구의 물을 닦아주자 닦지 않은 놀이기구를 알려주며 닦아달라고 하네요! 오늘도 신나게 뛰어논 세윤이는 다행히 열이 없었고 자기 전에도 열을 측정하였는데 36.8도로 정상 체온이더라구요. 자고 일어나서도 확인을 계속 해보겠습니다.\n','2024-02-08',NULL,NULL,NULL,NULL,NULL,NULL,2,14),(80,'오늘 유치원에는 핑크색깔 아기 인형이 도착했습니다. 인형을 보자마자 세윤이와 친구들은 눈이 빛났습니다. 모두 그 인형을 가지고 싶어했지만, 세윤이는 친구들에게 인형을 양보했습니다. 세윤이의 모습은 정말로 멋졌습니다.\n세윤이의 이런 행동에 친구들도 놀랐습니다. 그들은 세윤이의 배려심에 감사의 눈빛을 보내며, 세윤이에게 칭찬의 박수를 보냈습니다. 선생님도 세윤이의 이런 행동을 보고 칭찬하며, 다른 친구들에게도 배려심에 대해 이야기해주었습니다.\n점심시간에는 세윤이의 이야기가 계속되었습니다. 세윤이는 친구들과 함께 점심을 먹으며 그들이 인형을 즐겁게 가지고 놀고 있는 모습을 보며 웃었습니다. 세윤이는 친구들이 행복한 모습을 보며 자신도 행복함을 느꼈습니다.\n오늘의 유치원 생활은 세윤이에게 배려심과 친구에 대한 사랑을 가르쳐준 소중한 시간이었습니다.\n','2024-02-07',NULL,NULL,NULL,NULL,NULL,NULL,2,14),(81,'오늘 세윤이는 유치원에서 춤 연습과 재롱잔치에 참여한 하루를 보냈습니다. 아침에 유치원에 도착하자마자 세윤이는 연습실로 달려갔습니다. 그의 선택은 “행복한 나날”이라는 춤이었습니다. 세윤이는 음악에 맞춰 춤을 추며 즐거운 표정을 지었습니다.\n그 후, 세윤이는 재롱잔치에 참여했습니다. 세윤이의 재롱은 “토끼와 거북이” 이야기였습니다. 세윤이는 토끼와 거북이의 목소리를 따라하며 친구들을 웃게 했습니다. 그의 재롱은 선생님과 친구들로부터 박수를 받았습니다.\n점심시간에는 세윤이의 춤과 재롱 이야기가 계속되었습니다. 세윤이는 친구들과 함께 점심을 먹으며 그들이 웃는 모습을 보며 자신도 행복함을 느꼈습니다.\n오늘의 유치원 생활은 세윤이에게 춤과 재롱을 통한 표현력과 창의력을 키울 수 있는 소중한 시간이었습니다. 세윤이의 활발하고 창의적인 모습은 어떤 멋진 사람이 될지를 보여주는 소중한 순간이었습니다.\n','2024-02-06',NULL,NULL,NULL,NULL,NULL,NULL,2,14),(82,'아침에 유치원에 도착하자마자, 세윤이는 바로 영어 수업으로 향했습니다. 선생님은 재미있는 이야기와 노래를 통해 알파벳을 소개하여 학습 과정을 더욱 흥미롭고 즐겁게 만들었습니다.\n세윤이는 자신의 이름 첫 글자인 “S”에 특히 흥미를 보였습니다. 그는 알파벳과 그 소리를 여러 번 반복했습니다. 친구들은 그를 박수로 칭찬하며, 세윤이는 자신감을 느꼈습니다.\n점심시간에는 세윤이가 새로 배운 것을 친구들과 공유했습니다. 그들은 기억하는 다른 알파벳을 차례로 말하며 차례를 돌렸습니다. 식당은 영어 알파벳의 소리로 가득 찼습니다.\n오늘의 유치원 생활은 세윤이에게 영어 알파벳을 배울 수 있는 소중한 시간이었습니다, 그로 인해 세윤이는 지적으로 성장하는 데 도움이 되었습니다. 세윤이의 유치원 생활은 항상 새로운 배움과 경험으로 가득 차 있습니다.\n','2024-02-05',NULL,NULL,NULL,NULL,NULL,NULL,2,14),(83,'아침에 유치원에 도착하자마자, 지아는 바로 영어 수업으로 향했습니다. 선생님은 재미있는 이야기와 노래를 통해 알파벳을 소개하여 학습 과정을 더욱 흥미롭고 즐겁게 만들었습니다.\n지아는 자신의 이름 첫 글자인 “S”에 특히 흥미를 보였습니다. 그는 알파벳과 그 소리를 여러 번 반복했습니다. 친구들은 그를 박수로 칭찬하며, 지아는 자신감을 느꼈습니다.\n점심시간에는 지아가 새로 배운 것을 친구들과 공유했습니다. 그들은 기억하는 다른 알파벳을 차례로 말하며 차례를 돌렸습니다. 식당은 영어 알파벳의 소리로 가득 찼습니다.\n오늘의 유치원 생활은 지아에게 영어 알파벳을 배울 수 있는 소중한 시간이었습니다, 그로 인해 지아는 지적으로 성장하는 데 도움이 되었습니다. 지아의 유치원 생활은 항상 새로운 배움과 경험으로 가득 차 있습니다.\n','2024-02-05',NULL,NULL,NULL,NULL,NULL,NULL,1,7),(84,'오늘 지아는 친구들과 함께 동요를 부르기 시작했습니다. 지아는 동요에 맞춰 율동하며 즐거운 표정을 지었습니다.\n지아의 목소리는 밝고 활기차 보였습니다. 그의 목소리는 강당을 가득 채웠고, 친구들도 지아를 따라 동요를 부르며 웃음을 터뜨렸습니다. 지아의 이런 모습은 선생님과 친구들로부터 칭찬을 받았습니다.\n점심시간에는 지아의 동요 이야기가 계속되었습니다. 지아는 친구들과 함께 점심을 먹으며 그들이 즐거워하는 모습을 보며 자신도 행복함을 느꼈습니다.\n오늘의 유치원 생활은 지아에게 동요를 통해 음악에 대한 사랑과 표현력을 느낄 수 있는 소중한 시간이었습니다. 지아의 활발하고 즐거운 모습은 그가 어떤 멋진 사람이 될지를 보여주는 소중한 순간이었습니다.\n','2024-02-06',NULL,NULL,NULL,NULL,NULL,NULL,1,7),(85,'유치원에서 친구들과 함께 만화영화를 보는 특별한 시간을 가졌습니다. 지아가 본 만화영화는 “미니특공대”였습니다. 지아는 영화에서 벌어지는 모험에 흥미진진한 표정을 지었습니다.\n영화가 끝나고 지아는 친구들과 함께 소감을 나누었습니다. 영화의 재미있는 부분을 떠올리며 웃었고, 영화 속 주인공의 용기에 감동했다고 이야기했습니다. 친구들도 지아의 이야기에 공감하며 즐거운 시간을 보냈습니다.\n점심시간에는 지아와 친구들이 만화영화에 대한 이야기를 계속 나누었습니다. 그들이 본 영화의 재미있는 장면을 떠올리며 웃음소리가 식당을 가득 채웠습니다.\n오늘의 유치원 생활은 지아에게 영화를 통한 상상력과 친구들과의 소통을 배울 수 있는 소중한 시간이었습니다. \n','2024-02-07',NULL,NULL,NULL,NULL,NULL,NULL,1,7),(86,'오늘 지아는 동화책 읽기에 열중한 하루를 보냈습니다. 아침에 유치원에 도착하자마자, 지아는 도서관 코너로 달려갔습니다. 그의 선택은 “잠자는 숲속의 공주”였습니다. 지아는 책을 펼치고 천천히 글을 읽기 시작했습니다.\n지아의 목소리는 조금은 흔들리지만, 그의 눈빛은 집중력이 넘쳤습니다. 선생님이 가르쳐준 대로, 지아는 어려운 단어를 만나면 천천히 발음하며 이해하려 노력했습니다. 그의 노력은 선생님과 친구들에게 칭찬을 받았습니다.\n점심시간에는 지아가 읽은 동화 이야기를 친구들과 나누었습니다. 지아는 동화 속 이야기를 흥미진진하게 전하며, 친구들은 그의 이야기에 집중하며 들었습니다.\n오늘의 유치원 생활은 지아에게 책을 읽는 즐거움과 동화 속 세계를 체험하는 소중한 시간이었습니다. 지아의 노력과 성장하는 모습은 어떤 멋진 사람이 될지를 보여주는 소중한 순간이었습니다. 지아의 유치원 생활은 항상 새로운 배움과 경험으로 가득 차 있습니다.\n','2024-02-08',NULL,NULL,NULL,NULL,NULL,NULL,1,7),(87,'오늘 유치원에는 핑크색깔 아기 인형이 도착했습니다. 인형을 보자마자 지아와 친구들은 눈이 빛났습니다. 모두 그 인형을 가지고 싶어했지만, 지아는 친구들에게 인형을 양보했습니다. 지아의 모습은 정말로 멋졌습니다.\n지아의 이런 행동에 친구들도 놀랐습니다. 그들은 지아의 배려심에 감사의 눈빛을 보내며, 지아에게 칭찬의 박수를 보냈습니다. 선생님도 지아의 이런 행동을 보고 칭찬하며, 다른 친구들에게도 배려심에 대해 이야기해주었습니다.\n점심시간에는 지아의 이야기가 계속되었습니다. 지아는 친구들과 함께 점심을 먹으며 그들이 인형을 즐겁게 가지고 놀고 있는 모습을 보며 웃었습니다. 지아는 친구들이 행복한 모습을 보며 자신도 행복함을 느꼈습니다.\n오늘의 유치원 생활은 지아에게 배려심과 친구에 대한 사랑을 가르쳐준 소중한 시간이었습니다.\n','2024-02-13',NULL,NULL,NULL,NULL,NULL,NULL,1,7),(88,'오늘 지아와 친구들은 유치원 강당에서 자유롭게 체조를 하고 공놀이를 했습니다. 아침에 도착하자마자 지아와 친구들은 강당으로 달려갔습니다. 강당에 도착하자마자 지아는 친구들과 함께 체조 동작을 시작했습니다. 웃음소리와 함께 체조 동작을 따라 하는 모습이 너무나 활기차 보였습니다.\n그리고는 지아와 윤후는 공놀이에 몰두했습니다. 두 친구는 공을 서로 넘겨주며 웃음소리가 가득한 강당을 채웠습니다. 공을 받아 넘겨주는 동작 하나하나에서도 두 친구의 훌륭한 협동심을 볼 수 있었습니다.\n점심시간에는 체조와 공놀이에 대한 이야기를 나누었습니다. 지아는 윤후에게 공놀이에서의 재미있었던 순간을 이야기하며 웃음을 터뜨렸습니다. 윤후도 지아와의 공놀이 이야기를 들으며 즐거워했습니다.\n오늘의 유치원 생활은 지아와 윤후에게 체조와 공놀이를 통한 협동심과 친구 사이의 끈끈한 우정을 느낄 수 있는 소중한 시간이었습니다. 매일 새롭게 펼쳐지는 지아와 친구들의 유치원 생활은 그들의 성장을 돕고 있습니다.\n','2024-02-14',NULL,NULL,NULL,NULL,NULL,NULL,1,7),(89,'산책을 하면서 주워왔던 나뭇잎과 솔방울로 놀이를 해 보았습니다. 지아가 트럭 모형 장난감에 솔방울을 실어서 옮겨보기도 하고 입으로 바람을 불어 나뭇잎이 팔랑팔랑 움직여보는 놀이도 해 보았습니다. 지아도 열심히 불었지만 조준이 잘 되지 않아 나뭇잎이 잘 움직이지 않네요. 그래도 선생님이 불어서 움직이는 나뭇잎을 보고 즐거워하며 지아도 해보려고 노력하네요^^\n나뭇잎을 높이 들어 떨어뜨리며 “팔랑팔랑”이라고 이야기를 하니 따라서 “팔랑팔랑”하고 이야기를 하며 노는 지아입니다. 아침에 비가와서 아이들에게 2층에 가서 놀자고 하니 아이들이 싫다고 하며 놀이터에 가자고 하네요. 다행히 비가 그치고 땅도 조금 마른 것 같아 실외활동을 하였습니다. 놀이기구의 물을 닦아주자 닦지 않은 놀이기구를 알려주며 닦아달라고 하네요! 오늘도 신나게 뛰어논 지아는 다행히 열이 없었고 자기 전에도 열을 측정하였는데 36.8도로 정상 체온이더라구요. 자고 일어나서도 확인을 계속 해보겠습니다.\n','2024-02-15',NULL,NULL,NULL,76.2,NULL,8.1,1,7),(90,'오늘 지아와 세윤이는 유치원에서 블럭놀이에 열중했습니다. 아침에 도착하자마자 두 친구는 블럭놀이 코너로 달려갔습니다. 지아와 세윤이는 블럭을 쌓아올려 하나의 큰 성을 만드는 데 열중했습니다. 지아는 성의 문을 담당하고, 세윤이는 성의 탑을 만들었습니다. 두 친구는 함께 협력하며 멋진 성을 완성했습니다.\n그리고는 블럭놀이를 통해 여러 가지 이야기를 나눴습니다. 지아는 세윤이에게 성의 탑이 얼마나 높아야 하는지 설명했고, 지아는 성문이 어떻게 열리고 닫히는지 보여주었습니다. 두 친구는 블럭놀이를 통해 상상력과 창의력을 키웠습니다.\n점심시간에는 블럭놀이에 대한 이야기를 계속 나누었습니다. 지아와 세윤이는 서로의 도시락을 나눠 먹으며 그들이 만든 성에 대한 이야기를 했습니다. 그들의 눈은 블럭놀이에 대한 열정으로 빛났습니다.\n오늘의 유치원 생활은 지아와 세윤이에게 블럭놀이를 통한 협력과 창의력, 상상력을 키울 수 있는 소중한 시간이었습니다. 두 친구의 유치원 생활은 매일 새로운 발견과 경험으로 가득 차 있습니다.\n','2024-02-16',NULL,'보통',1.5,76.2,36.6,8.1,1,7),(91,'오늘 준이와 민국이는 유치원에서 함께 특별한 시간을 보냈어요. 아침에 유치원에 도착하자마자 두 친구는 서로를 향해 밝은 미소로 인사했습니다. 그들은 함께 놀이터에서 뛰어놀며 하루를 시작했어요. 민국이는 준이를 따라 모래놀이를 하며 무언가를 만들었어요. 그들이 만든 모래성은 정말 멋있었습니다.\n그리고는 수업 시간, 민국이는 준이의 도움을 받아 그림을 그렸습니다. 선생님이 주제로 제시한 \"나의 꿈\"에 대해 민국이는 병원을 그렸고, 준이는 우주비행사를 그렸어요. 그들의 그림은 각자의 꿈을 잘 표현하고 있었습니다.\n점심시간에는 민국이와 준이가 서로의 도시락을 나눠 먹었습니다. 준이의 엄마가 만든 김밥과 민국이의 엄마가 준비한 과일을 함께 먹으며 즐거운 시간을 보냈습니다.\n하루 종일 함께 보낸 두 친구의 유치원 생활은 그들의 우정을 더욱 깊게 만들어 주었습니다. 준이와 민국이의 유치원 생활은 매일 새로운 추억을 만들어 가고 있어요.','2024-02-15',NULL,'보통',2.5,0,36.1,0,1,6),(92,'제일 먼저 오는 친구가 거북이 밥을 주는데, 요즘 준이가 1등으로 출석해서 거북이 밥을 매일 주고 있습니다.\n 다른 친구들보다 일찍 오는 편이라 아침에 관찰하는 시간을 많이 가지고 있어요.\n 거북이 뿐만 아니라 교실에서 키우고 있는 식물에도 관심이 많아요.\n 어제보다 얼마나 자랐는지, 저번 주 보다 얼마나 자랐는지..\n 저는 잘 느끼지 못하는 부분을 준이가 말해 줄 때 얼마나 대견한지 몰라요.\n 준이의 뛰어난 관찰력, 칭찬 많이 해주세요^^','2024-02-16',NULL,'보통',1.5,108.5,36.5,19.1,1,6),(93,'오늘은 꿀벌나라 테마공원과 전적비에 다녀왔습니다. 처음으로 가 보는 꿀벌나라 테마공원에 가서 꿀벌에 대해서 설명을 들어 보기도 하였고, 벌의 종류인 꿀벌과 여왕벌이 하는 일과 꿀벌은 우리에게 주는 이로운 점에 대해서도 알게 되었답니다. 우리나라를 위해서 희생하신 국군 아저씨와 탱크, 비행기를 보고 사진도 찍어 보았어요. 오늘은 아이들이 신나게 보낸 하루였답니다.\n우리 빈이가 차를 타고 내려가서 꿀벌 나라에 가는 도중 무섭다고 긴장하기는 했지만 손을 잡아주고 괜찮다고 말해주니 꿀벌나라에서 체험을 했답니다. 돌아와서 점심을 먹으려고 하니 어머니가 생각나 전화도 함께 걸었어요.\n','2024-02-16',NULL,'보통',2.5,90.4,36.2,10.3,1,12),(96,'record','2024-01-16',NULL,NULL,NULL,75,NULL,7.9,1,7),(97,'record','2023-12-16',NULL,NULL,NULL,74.2,NULL,7.6,1,7),(98,'record','2023-11-16',NULL,NULL,NULL,73.5,NULL,7.4,1,7),(99,'record','2023-10-16',NULL,NULL,NULL,72.5,NULL,7.2,1,7),(101,'record','2023-09-16',NULL,NULL,NULL,70.8,NULL,6.8,1,7),(104,'record','2023-07-16',NULL,NULL,NULL,66.5,NULL,6.2,1,7),(109,'record','2023-08-16',NULL,NULL,NULL,68.1,NULL,6.5,1,7);
/*!40000 ALTER TABLE `board` ENABLE KEYS */;
UNLOCK TABLES;

--
-- Table structure for table `chat`
--

DROP TABLE IF EXISTS `chat`;
/*!40101 SET @saved_cs_client     = @@character_set_client */;
/*!50503 SET character_set_client = utf8mb4 */;
CREATE TABLE `chat` (
  `chat_id` bigint NOT NULL AUTO_INCREMENT,
  `chat_content` varchar(255) COLLATE utf8mb4_general_ci DEFAULT NULL,
  `chat_time` varchar(255) COLLATE utf8mb4_general_ci DEFAULT NULL,
  `sender_id` bigint DEFAULT NULL,
  `room_id` bigint DEFAULT NULL,
  PRIMARY KEY (`chat_id`),
  KEY `FKm38tfuuhbqvc3jrrat6q4k01j` (`room_id`),
  CONSTRAINT `FKm38tfuuhbqvc3jrrat6q4k01j` FOREIGN KEY (`room_id`) REFERENCES `room` (`room_id`)
) ENGINE=InnoDB AUTO_INCREMENT=40 DEFAULT CHARSET=utf8mb4 COLLATE=utf8mb4_general_ci;
/*!40101 SET character_set_client = @saved_cs_client */;

--
-- Dumping data for table `chat`
--

LOCK TABLES `chat` WRITE;
/*!40000 ALTER TABLE `chat` DISABLE KEYS */;
/*!40000 ALTER TABLE `chat` ENABLE KEYS */;
UNLOCK TABLES;

--
-- Table structure for table `classroom`
--

DROP TABLE IF EXISTS `classroom`;
/*!40101 SET @saved_cs_client     = @@character_set_client */;
/*!50503 SET character_set_client = utf8mb4 */;
CREATE TABLE `classroom` (
  `classroom_id` bigint NOT NULL AUTO_INCREMENT,
  `classroom_name` varchar(255) COLLATE utf8mb4_general_ci NOT NULL,
  `daycare_id` bigint DEFAULT NULL,
  PRIMARY KEY (`classroom_id`),
  KEY `FKh7wtbnbadsh228nurw63hogbg` (`daycare_id`),
  CONSTRAINT `FKh7wtbnbadsh228nurw63hogbg` FOREIGN KEY (`daycare_id`) REFERENCES `daycare` (`daycare_id`)
) ENGINE=InnoDB AUTO_INCREMENT=4 DEFAULT CHARSET=utf8mb4 COLLATE=utf8mb4_general_ci;
/*!40101 SET character_set_client = @saved_cs_client */;

--
-- Dumping data for table `classroom`
--

LOCK TABLES `classroom` WRITE;
/*!40000 ALTER TABLE `classroom` DISABLE KEYS */;
INSERT INTO `classroom` VALUES (1,'햇님반',1),(2,'별님반',1),(3,'새싹반',1);
/*!40000 ALTER TABLE `classroom` ENABLE KEYS */;
UNLOCK TABLES;

--
-- Table structure for table `daycare`
--

DROP TABLE IF EXISTS `daycare`;
/*!40101 SET @saved_cs_client     = @@character_set_client */;
/*!50503 SET character_set_client = utf8mb4 */;
CREATE TABLE `daycare` (
  `daycare_id` bigint NOT NULL AUTO_INCREMENT,
  `daycare_name` varchar(255) COLLATE utf8mb4_general_ci NOT NULL,
  PRIMARY KEY (`daycare_id`)
) ENGINE=InnoDB AUTO_INCREMENT=2 DEFAULT CHARSET=utf8mb4 COLLATE=utf8mb4_general_ci;
/*!40101 SET character_set_client = @saved_cs_client */;

--
-- Dumping data for table `daycare`
--

LOCK TABLES `daycare` WRITE;
/*!40000 ALTER TABLE `daycare` DISABLE KEYS */;
INSERT INTO `daycare` VALUES (1,'샛별어린이집');
/*!40000 ALTER TABLE `daycare` ENABLE KEYS */;
UNLOCK TABLES;

--
-- Table structure for table `file`
--

DROP TABLE IF EXISTS `file`;
/*!40101 SET @saved_cs_client     = @@character_set_client */;
/*!50503 SET character_set_client = utf8mb4 */;
CREATE TABLE `file` (
  `file_id` bigint NOT NULL AUTO_INCREMENT,
  `file_name` varchar(255) COLLATE utf8mb4_general_ci DEFAULT NULL,
  `file_path` varchar(255) COLLATE utf8mb4_general_ci DEFAULT NULL,
  `album_id` bigint DEFAULT NULL,
  PRIMARY KEY (`file_id`),
  KEY `FK4ao6hh41y4upivs1nkfhv8hv2` (`album_id`),
  CONSTRAINT `FK4ao6hh41y4upivs1nkfhv8hv2` FOREIGN KEY (`album_id`) REFERENCES `album` (`album_id`)
) ENGINE=InnoDB AUTO_INCREMENT=585 DEFAULT CHARSET=utf8mb4 COLLATE=utf8mb4_general_ci;
/*!40101 SET character_set_client = @saved_cs_client */;

--
-- Dumping data for table `file`
--

LOCK TABLES `file` WRITE;
/*!40000 ALTER TABLE `file` DISABLE KEYS */;
INSERT INTO `file` VALUES (47,'스크린샷 2024-02-14 003703','https://saessack-photo-album.s3.ap-northeast-2.amazonaws.com/album/e722e9f1-57cf-449e-8a07-9221bf5e24d1..png',13),(48,'스크린샷 2024-02-14 003803','https://saessack-photo-album.s3.ap-northeast-2.amazonaws.com/album/ff4c65c5-19b3-4a0a-9958-56310657452a..png',13),(49,'스크린샷 2024-02-14 004312','https://saessack-photo-album.s3.ap-northeast-2.amazonaws.com/album/4aa7de57-3110-4b41-b17c-018cc7acff78..png',13),(50,'스크린샷 2024-02-14 004807','https://saessack-photo-album.s3.ap-northeast-2.amazonaws.com/album/8317767d-c09f-4d5a-8804-829552817618..png',13),(51,'스크린샷 2024-02-14 004852','https://saessack-photo-album.s3.ap-northeast-2.amazonaws.com/album/b95e41d0-8988-4af3-b2f1-eac4e7d35237..png',13),(52,'스크린샷 2024-02-14 005242','https://saessack-photo-album.s3.ap-northeast-2.amazonaws.com/album/cd24d004-ce6c-40b8-aa53-dd8e49a69a72..png',13),(53,'스크린샷 2024-02-14 005958','https://saessack-photo-album.s3.ap-northeast-2.amazonaws.com/album/7500c8b1-8e48-42e5-bdfa-346f68ffb7f6..png',13),(54,'스크린샷 2024-02-14 010825','https://saessack-photo-album.s3.ap-northeast-2.amazonaws.com/album/96362553-4201-425c-b888-543744d4a373..png',13),(55,'스크린샷 2024-02-14 010906','https://saessack-photo-album.s3.ap-northeast-2.amazonaws.com/album/80ff5700-db5b-49fe-8dcc-c7510f2344ec..png',13),(56,'스크린샷 2024-02-14 010920','https://saessack-photo-album.s3.ap-northeast-2.amazonaws.com/album/2dbf5931-82cf-46ef-9a9d-048eb532013b..png',13),(57,'스크린샷 2024-02-14 011116','https://saessack-photo-album.s3.ap-northeast-2.amazonaws.com/album/2b6572bf-2ee9-49c1-8c15-980e58944377..png',13),(58,'스크린샷 2024-02-14 003042','https://saessack-photo-album.s3.ap-northeast-2.amazonaws.com/album/38b984c3-17a3-4d6a-ae71-40107d0864cb..png',14),(59,'스크린샷 2024-02-14 003122','https://saessack-photo-album.s3.ap-northeast-2.amazonaws.com/album/503bf0ae-e31c-46a0-b014-5dc3c6de9a9a..png',14),(60,'스크린샷 2024-02-14 003300','https://saessack-photo-album.s3.ap-northeast-2.amazonaws.com/album/06a183c7-2e45-4484-8110-a71e2ac3bbea..png',14),(61,'스크린샷 2024-02-14 003605','https://saessack-photo-album.s3.ap-northeast-2.amazonaws.com/album/5f196691-4d40-4a6a-b96b-94552d4e0036..png',14),(62,'스크린샷 2024-02-14 010011','https://saessack-photo-album.s3.ap-northeast-2.amazonaws.com/album/2930c133-c397-4329-b6e5-6e68cc7019ce..png',14),(63,'스크린샷 2024-02-14 010042','https://saessack-photo-album.s3.ap-northeast-2.amazonaws.com/album/7858832a-2b10-43c0-afd5-dff7c29b29a6..png',14),(64,'스크린샷 2024-02-14 010425','https://saessack-photo-album.s3.ap-northeast-2.amazonaws.com/album/1a111658-8390-4f89-8cad-b0f259eb0433..png',14),(65,'스크린샷 2024-02-14 010454','https://saessack-photo-album.s3.ap-northeast-2.amazonaws.com/album/ec4d0e98-6477-49ce-934b-5aa92910bdf9..png',14),(66,'2','https://saessack-photo-album.s3.ap-northeast-2.amazonaws.com/album/76396c30-af83-4528-98e9-f3076bbd3153..png',15),(67,'3','https://saessack-photo-album.s3.ap-northeast-2.amazonaws.com/album/f82f3b3f-ce83-49bd-b6a5-2bfe748a9d04..png',15),(68,'4','https://saessack-photo-album.s3.ap-northeast-2.amazonaws.com/album/57f1f3ec-989b-4636-a0da-21729fee275d..png',15),(69,'dummy13','https://saessack-photo-album.s3.ap-northeast-2.amazonaws.com/album/5739b215-8d09-4a6c-876c-f783cb81f27f..png',15),(70,'dummy14','https://saessack-photo-album.s3.ap-northeast-2.amazonaws.com/album/011f54f5-61b0-4f5e-b81b-f663d725218b..png',15),(71,'dummy17','https://saessack-photo-album.s3.ap-northeast-2.amazonaws.com/album/9c117c81-2f47-42e6-b8e7-118111f95f5d..png',15),(72,'스크린샷 2024-02-14 002654','https://saessack-photo-album.s3.ap-northeast-2.amazonaws.com/album/f371696d-4ea6-4857-9ee2-cb70e848decd..png',15),(73,'스크린샷 2024-02-14 002836','https://saessack-photo-album.s3.ap-northeast-2.amazonaws.com/album/38bf2e4b-2505-44ca-8385-2f3eeea79075..png',15),(74,'1','https://saessack-photo-album.s3.ap-northeast-2.amazonaws.com/album/a908a961-8571-40b9-b6fa-19026918474e..png',16),(75,'dummy2','https://saessack-photo-album.s3.ap-northeast-2.amazonaws.com/album/5f95a0f4-fe73-498d-8336-034433898bb9..png',16),(76,'dummy4','https://saessack-photo-album.s3.ap-northeast-2.amazonaws.com/album/5da85eaa-3ba6-4a9d-bacd-f0bbd88feccb..png',16),(77,'dummy5','https://saessack-photo-album.s3.ap-northeast-2.amazonaws.com/album/050b052f-713e-4e9b-879e-f3ae64c4dd69..png',16),(78,'dummy7','https://saessack-photo-album.s3.ap-northeast-2.amazonaws.com/album/2bc32c68-fbc1-4afa-b435-5deee4b2ad76..png',16),(79,'dummy16','https://saessack-photo-album.s3.ap-northeast-2.amazonaws.com/album/23c626ce-8878-4ac7-a9b4-fc9561c61c29..png',16),(80,'스크린샷 2024-02-14 011534','https://saessack-photo-album.s3.ap-northeast-2.amazonaws.com/album/606ba7c8-66ab-4a87-8591-3282d3497d80..png',16),(81,'스크린샷 2024-02-14 011721','https://saessack-photo-album.s3.ap-northeast-2.amazonaws.com/album/6d446408-70bb-4d3d-9123-c8d19d77baf9..png',16),(82,'스크린샷 2024-02-14 013213','https://saessack-photo-album.s3.ap-northeast-2.amazonaws.com/album/ffa84bab-aefe-43e0-953e-888d4e96e9e8..png',16),(83,'스크린샷 2024-02-14 013304','https://saessack-photo-album.s3.ap-northeast-2.amazonaws.com/album/0ed32bef-480e-4a65-962c-926bc913899a..png',16),(84,'스크린샷 2024-02-14 013606','https://saessack-photo-album.s3.ap-northeast-2.amazonaws.com/album/4428b51c-4055-4df7-840d-3e56118aa562..png',16),(85,'스크린샷 2024-02-14 013646','https://saessack-photo-album.s3.ap-northeast-2.amazonaws.com/album/4123447a-d02c-4afb-a310-e292301a5dad..png',16),(86,'스크린샷 2024-02-14 013705','https://saessack-photo-album.s3.ap-northeast-2.amazonaws.com/album/3ea6e057-a5a6-45ce-8b19-0dceb8abeed4..png',16),(87,'8','https://saessack-photo-album.s3.ap-northeast-2.amazonaws.com/album/8742a7d8-f9c4-42c5-9a01-147879dae543..jpg',17),(88,'20240212193456','https://saessack-photo-album.s3.ap-northeast-2.amazonaws.com/album/c30c67bf-e60f-4d6e-9cda-cc5391c92149..png',17),(89,'20240212193731','https://saessack-photo-album.s3.ap-northeast-2.amazonaws.com/album/e13c37f5-ca6b-44cd-8c18-d1423b37b662..png',17),(90,'20240212193930','https://saessack-photo-album.s3.ap-northeast-2.amazonaws.com/album/529c2438-de70-4bd5-bcb5-702ad0d59c95..png',17),(91,'20240212194113','https://saessack-photo-album.s3.ap-northeast-2.amazonaws.com/album/f03b6dad-bf0a-468d-a4fd-325f8a1ddf16..png',17),(92,'20240212194135','https://saessack-photo-album.s3.ap-northeast-2.amazonaws.com/album/b411f486-9e94-4623-91e9-dacb033bb446..png',17),(93,'20240212194141','https://saessack-photo-album.s3.ap-northeast-2.amazonaws.com/album/14bf4ef2-5ae9-4a11-8d31-2d144def8184..png',17),(94,'20240212194536','https://saessack-photo-album.s3.ap-northeast-2.amazonaws.com/album/c5e23f3f-08d4-4e83-a600-8d324907399c..png',17),(95,'20240212194941','https://saessack-photo-album.s3.ap-northeast-2.amazonaws.com/album/dba11c13-176c-4b60-9fed-139112e7dab9..png',17),(96,'20240212195611','https://saessack-photo-album.s3.ap-northeast-2.amazonaws.com/album/8c969840-8a55-49bd-b6be-b375c8551d04..png',17),(97,'1','https://saessack-photo-album.s3.ap-northeast-2.amazonaws.com/album/42a86489-6491-4713-8108-24be949cf18e..jpg',18),(98,'2','https://saessack-photo-album.s3.ap-northeast-2.amazonaws.com/album/c0f237df-64a9-4ac5-9643-6a5ecf5564ee..jpg',18),(99,'3','https://saessack-photo-album.s3.ap-northeast-2.amazonaws.com/album/552165a3-719f-4774-8c24-0fcaefeb7b2e..jpg',18),(100,'4','https://saessack-photo-album.s3.ap-northeast-2.amazonaws.com/album/76628a6e-1e4a-4980-b270-586223b0b71f..jpg',18),(101,'5','https://saessack-photo-album.s3.ap-northeast-2.amazonaws.com/album/51cd02c7-3a7b-4b35-a13d-12d7e531161c..jpg',18),(102,'6','https://saessack-photo-album.s3.ap-northeast-2.amazonaws.com/album/09e11980-7266-4b58-8e72-87baec0a3965..jpg',18),(103,'26951_8322_3943','https://saessack-photo-album.s3.ap-northeast-2.amazonaws.com/album/e6fd3e53-237f-4e78-b644-150be174ad80..jpg',18),(104,'20240212193401','https://saessack-photo-album.s3.ap-northeast-2.amazonaws.com/album/98059fd2-7d2f-4242-a4d6-7f968164e33a..png',18),(105,'20240212193519','https://saessack-photo-album.s3.ap-northeast-2.amazonaws.com/album/09c99ab3-7617-4532-97fa-5ef71674b876..png',18),(106,'20240212193531','https://saessack-photo-album.s3.ap-northeast-2.amazonaws.com/album/2c7a6a73-8c87-4b81-bc11-770959745ad0..png',18),(119,' ','https://saessack-photo-album.s3.ap-northeast-2.amazonaws.com/album/cd24d004-ce6c-40b8-aa53-dd8e49a69a72..png',19),(120,' ','https://saessack-photo-album.s3.ap-northeast-2.amazonaws.com/album/7500c8b1-8e48-42e5-bdfa-346f68ffb7f6..png',19),(121,' ','https://saessack-photo-album.s3.ap-northeast-2.amazonaws.com/album/96362553-4201-425c-b888-543744d4a373..png',19),(122,' ','https://saessack-photo-album.s3.ap-northeast-2.amazonaws.com/album/80ff5700-db5b-49fe-8dcc-c7510f2344ec..png',19),(123,' ','https://saessack-photo-album.s3.ap-northeast-2.amazonaws.com/album/2dbf5931-82cf-46ef-9a9d-048eb532013b..png',19),(124,' ','https://saessack-photo-album.s3.ap-northeast-2.amazonaws.com/album/e722e9f1-57cf-449e-8a07-9221bf5e24d1..png',20),(125,' ','https://saessack-photo-album.s3.ap-northeast-2.amazonaws.com/album/ff4c65c5-19b3-4a0a-9958-56310657452a..png',20),(126,' ','https://saessack-photo-album.s3.ap-northeast-2.amazonaws.com/album/8317767d-c09f-4d5a-8804-829552817618..png',20),(127,' ','https://saessack-photo-album.s3.ap-northeast-2.amazonaws.com/album/cd24d004-ce6c-40b8-aa53-dd8e49a69a72..png',20),(128,' ','https://saessack-photo-album.s3.ap-northeast-2.amazonaws.com/album/7500c8b1-8e48-42e5-bdfa-346f68ffb7f6..png',20),(129,' ','https://saessack-photo-album.s3.ap-northeast-2.amazonaws.com/album/96362553-4201-425c-b888-543744d4a373..png',20),(130,' ','https://saessack-photo-album.s3.ap-northeast-2.amazonaws.com/album/80ff5700-db5b-49fe-8dcc-c7510f2344ec..png',20),(131,' ','https://saessack-photo-album.s3.ap-northeast-2.amazonaws.com/album/2dbf5931-82cf-46ef-9a9d-048eb532013b..png',20),(132,' ','https://saessack-photo-album.s3.ap-northeast-2.amazonaws.com/album/e722e9f1-57cf-449e-8a07-9221bf5e24d1..png',21),(133,' ','https://saessack-photo-album.s3.ap-northeast-2.amazonaws.com/album/4aa7de57-3110-4b41-b17c-018cc7acff78..png',21),(134,' ','https://saessack-photo-album.s3.ap-northeast-2.amazonaws.com/album/e722e9f1-57cf-449e-8a07-9221bf5e24d1..png',22),(135,' ','https://saessack-photo-album.s3.ap-northeast-2.amazonaws.com/album/ff4c65c5-19b3-4a0a-9958-56310657452a..png',22),(136,' ','https://saessack-photo-album.s3.ap-northeast-2.amazonaws.com/album/b95e41d0-8988-4af3-b2f1-eac4e7d35237..png',22),(137,' ','https://saessack-photo-album.s3.ap-northeast-2.amazonaws.com/album/7500c8b1-8e48-42e5-bdfa-346f68ffb7f6..png',22),(138,' ','https://saessack-photo-album.s3.ap-northeast-2.amazonaws.com/album/2b6572bf-2ee9-49c1-8c15-980e58944377..png',22),(139,' ','https://saessack-photo-album.s3.ap-northeast-2.amazonaws.com/album/38b984c3-17a3-4d6a-ae71-40107d0864cb..png',24),(140,' ','https://saessack-photo-album.s3.ap-northeast-2.amazonaws.com/album/2930c133-c397-4329-b6e5-6e68cc7019ce..png',24),(141,' ','https://saessack-photo-album.s3.ap-northeast-2.amazonaws.com/album/7858832a-2b10-43c0-afd5-dff7c29b29a6..png',24),(142,' ','https://saessack-photo-album.s3.ap-northeast-2.amazonaws.com/album/503bf0ae-e31c-46a0-b014-5dc3c6de9a9a..png',26),(143,' ','https://saessack-photo-album.s3.ap-northeast-2.amazonaws.com/album/5f196691-4d40-4a6a-b96b-94552d4e0036..png',26),(144,' ','https://saessack-photo-album.s3.ap-northeast-2.amazonaws.com/album/7858832a-2b10-43c0-afd5-dff7c29b29a6..png',26),(145,' ','https://saessack-photo-album.s3.ap-northeast-2.amazonaws.com/album/1a111658-8390-4f89-8cad-b0f259eb0433..png',26),(146,' ','https://saessack-photo-album.s3.ap-northeast-2.amazonaws.com/album/38b984c3-17a3-4d6a-ae71-40107d0864cb..png',27),(147,' ','https://saessack-photo-album.s3.ap-northeast-2.amazonaws.com/album/2930c133-c397-4329-b6e5-6e68cc7019ce..png',27),(148,' ','https://saessack-photo-album.s3.ap-northeast-2.amazonaws.com/album/7858832a-2b10-43c0-afd5-dff7c29b29a6..png',27),(149,' ','https://saessack-photo-album.s3.ap-northeast-2.amazonaws.com/album/ec4d0e98-6477-49ce-934b-5aa92910bdf9..png',27),(150,' ','https://saessack-photo-album.s3.ap-northeast-2.amazonaws.com/album/06a183c7-2e45-4484-8110-a71e2ac3bbea..png',28),(151,' ','https://saessack-photo-album.s3.ap-northeast-2.amazonaws.com/album/5f196691-4d40-4a6a-b96b-94552d4e0036..png',28),(152,' ','https://saessack-photo-album.s3.ap-northeast-2.amazonaws.com/album/ec4d0e98-6477-49ce-934b-5aa92910bdf9..png',28),(153,' ','https://saessack-photo-album.s3.ap-northeast-2.amazonaws.com/album/38bf2e4b-2505-44ca-8385-2f3eeea79075..png',29),(154,' ','https://saessack-photo-album.s3.ap-northeast-2.amazonaws.com/album/9c117c81-2f47-42e6-b8e7-118111f95f5d..png',29),(155,' ','https://saessack-photo-album.s3.ap-northeast-2.amazonaws.com/album/57f1f3ec-989b-4636-a0da-21729fee275d..png',30),(156,' ','https://saessack-photo-album.s3.ap-northeast-2.amazonaws.com/album/f371696d-4ea6-4857-9ee2-cb70e848decd..png',30),(157,' ','https://saessack-photo-album.s3.ap-northeast-2.amazonaws.com/album/011f54f5-61b0-4f5e-b81b-f663d725218b..png',30),(158,' ','https://saessack-photo-album.s3.ap-northeast-2.amazonaws.com/album/76396c30-af83-4528-98e9-f3076bbd3153..png',31),(159,' ','https://saessack-photo-album.s3.ap-northeast-2.amazonaws.com/album/9c117c81-2f47-42e6-b8e7-118111f95f5d..png',31),(160,' ','https://saessack-photo-album.s3.ap-northeast-2.amazonaws.com/album/38bf2e4b-2505-44ca-8385-2f3eeea79075..png',31),(161,' ','https://saessack-photo-album.s3.ap-northeast-2.amazonaws.com/album/76396c30-af83-4528-98e9-f3076bbd3153..png',32),(162,' ','https://saessack-photo-album.s3.ap-northeast-2.amazonaws.com/album/f82f3b3f-ce83-49bd-b6a5-2bfe748a9d04..png',32),(163,' ','https://saessack-photo-album.s3.ap-northeast-2.amazonaws.com/album/9c117c81-2f47-42e6-b8e7-118111f95f5d..png',32),(164,' ','https://saessack-photo-album.s3.ap-northeast-2.amazonaws.com/album/5739b215-8d09-4a6c-876c-f783cb81f27f..png',33),(165,' ','https://saessack-photo-album.s3.ap-northeast-2.amazonaws.com/album/57f1f3ec-989b-4636-a0da-21729fee275d..png',33),(166,' ','https://saessack-photo-album.s3.ap-northeast-2.amazonaws.com/album/38bf2e4b-2505-44ca-8385-2f3eeea79075..png',33),(167,' ','https://saessack-photo-album.s3.ap-northeast-2.amazonaws.com/album/f371696d-4ea6-4857-9ee2-cb70e848decd..png',33),(168,' ','https://saessack-photo-album.s3.ap-northeast-2.amazonaws.com/album/011f54f5-61b0-4f5e-b81b-f663d725218b..png',33),(169,' ','https://saessack-photo-album.s3.ap-northeast-2.amazonaws.com/album/5f95a0f4-fe73-498d-8336-034433898bb9..png',34),(170,' ','https://saessack-photo-album.s3.ap-northeast-2.amazonaws.com/album/2bc32c68-fbc1-4afa-b435-5deee4b2ad76..png',34),(171,' ','https://saessack-photo-album.s3.ap-northeast-2.amazonaws.com/album/23c626ce-8878-4ac7-a9b4-fc9561c61c29..png',34),(172,' ','https://saessack-photo-album.s3.ap-northeast-2.amazonaws.com/album/6d446408-70bb-4d3d-9123-c8d19d77baf9..png',34),(173,' ','https://saessack-photo-album.s3.ap-northeast-2.amazonaws.com/album/ffa84bab-aefe-43e0-953e-888d4e96e9e8..png',34),(174,' ','https://saessack-photo-album.s3.ap-northeast-2.amazonaws.com/album/0ed32bef-480e-4a65-962c-926bc913899a..png',34),(175,' ','https://saessack-photo-album.s3.ap-northeast-2.amazonaws.com/album/a908a961-8571-40b9-b6fa-19026918474e..png',35),(176,' ','https://saessack-photo-album.s3.ap-northeast-2.amazonaws.com/album/5da85eaa-3ba6-4a9d-bacd-f0bbd88feccb..png',35),(177,' ','https://saessack-photo-album.s3.ap-northeast-2.amazonaws.com/album/23c626ce-8878-4ac7-a9b4-fc9561c61c29..png',35),(178,' ','https://saessack-photo-album.s3.ap-northeast-2.amazonaws.com/album/6d446408-70bb-4d3d-9123-c8d19d77baf9..png',35),(179,' ','https://saessack-photo-album.s3.ap-northeast-2.amazonaws.com/album/0ed32bef-480e-4a65-962c-926bc913899a..png',35),(180,' ','https://saessack-photo-album.s3.ap-northeast-2.amazonaws.com/album/4123447a-d02c-4afb-a310-e292301a5dad..png',35),(181,' ','https://saessack-photo-album.s3.ap-northeast-2.amazonaws.com/album/3ea6e057-a5a6-45ce-8b19-0dceb8abeed4..png',35),(182,' ','https://saessack-photo-album.s3.ap-northeast-2.amazonaws.com/album/606ba7c8-66ab-4a87-8591-3282d3497d80..png',36),(183,' ','https://saessack-photo-album.s3.ap-northeast-2.amazonaws.com/album/050b052f-713e-4e9b-879e-f3ae64c4dd69..png',36),(184,' ','https://saessack-photo-album.s3.ap-northeast-2.amazonaws.com/album/6d446408-70bb-4d3d-9123-c8d19d77baf9..png',36),(185,' ','https://saessack-photo-album.s3.ap-northeast-2.amazonaws.com/album/ffa84bab-aefe-43e0-953e-888d4e96e9e8..png',36),(186,' ','https://saessack-photo-album.s3.ap-northeast-2.amazonaws.com/album/0ed32bef-480e-4a65-962c-926bc913899a..png',36),(187,' ','https://saessack-photo-album.s3.ap-northeast-2.amazonaws.com/album/4428b51c-4055-4df7-840d-3e56118aa562..png',36),(188,' ','https://saessack-photo-album.s3.ap-northeast-2.amazonaws.com/album/4123447a-d02c-4afb-a310-e292301a5dad..png',37),(189,' ','https://saessack-photo-album.s3.ap-northeast-2.amazonaws.com/album/3ea6e057-a5a6-45ce-8b19-0dceb8abeed4..png',37),(190,' ','https://saessack-photo-album.s3.ap-northeast-2.amazonaws.com/album/5f95a0f4-fe73-498d-8336-034433898bb9..png',38),(191,' ','https://saessack-photo-album.s3.ap-northeast-2.amazonaws.com/album/a908a961-8571-40b9-b6fa-19026918474e..png',38),(192,' ','https://saessack-photo-album.s3.ap-northeast-2.amazonaws.com/album/050b052f-713e-4e9b-879e-f3ae64c4dd69..png',38),(193,' ','https://saessack-photo-album.s3.ap-northeast-2.amazonaws.com/album/2bc32c68-fbc1-4afa-b435-5deee4b2ad76..png',38),(194,' ','https://saessack-photo-album.s3.ap-northeast-2.amazonaws.com/album/6d446408-70bb-4d3d-9123-c8d19d77baf9..png',38),(195,' ','https://saessack-photo-album.s3.ap-northeast-2.amazonaws.com/album/ffa84bab-aefe-43e0-953e-888d4e96e9e8..png',38),(196,' ','https://saessack-photo-album.s3.ap-northeast-2.amazonaws.com/album/4428b51c-4055-4df7-840d-3e56118aa562..png',38),(197,' ','https://saessack-photo-album.s3.ap-northeast-2.amazonaws.com/album/8742a7d8-f9c4-42c5-9a01-147879dae543..jpg',39),(198,' ','https://saessack-photo-album.s3.ap-northeast-2.amazonaws.com/album/8742a7d8-f9c4-42c5-9a01-147879dae543..jpg',40),(199,' ','https://saessack-photo-album.s3.ap-northeast-2.amazonaws.com/album/529c2438-de70-4bd5-bcb5-702ad0d59c95..png',40),(200,' ','https://saessack-photo-album.s3.ap-northeast-2.amazonaws.com/album/14bf4ef2-5ae9-4a11-8d31-2d144def8184..png',40),(201,' ','https://saessack-photo-album.s3.ap-northeast-2.amazonaws.com/album/dba11c13-176c-4b60-9fed-139112e7dab9..png',40),(225,' ','https://saessack-photo-album.s3.ap-northeast-2.amazonaws.com/album/c30c67bf-e60f-4d6e-9cda-cc5391c92149..png',41),(226,' ','https://saessack-photo-album.s3.ap-northeast-2.amazonaws.com/album/b411f486-9e94-4623-91e9-dacb033bb446..png',41),(227,' ','https://saessack-photo-album.s3.ap-northeast-2.amazonaws.com/album/c5e23f3f-08d4-4e83-a600-8d324907399c..png',41),(228,' ','https://saessack-photo-album.s3.ap-northeast-2.amazonaws.com/album/dba11c13-176c-4b60-9fed-139112e7dab9..png',41),(229,' ','https://saessack-photo-album.s3.ap-northeast-2.amazonaws.com/album/8c969840-8a55-49bd-b6be-b375c8551d04..png',42),(230,' ','https://saessack-photo-album.s3.ap-northeast-2.amazonaws.com/album/8742a7d8-f9c4-42c5-9a01-147879dae543..jpg',43),(231,' ','https://saessack-photo-album.s3.ap-northeast-2.amazonaws.com/album/529c2438-de70-4bd5-bcb5-702ad0d59c95..png',43),(232,' ','https://saessack-photo-album.s3.ap-northeast-2.amazonaws.com/album/f03b6dad-bf0a-468d-a4fd-325f8a1ddf16..png',43),(233,' ','https://saessack-photo-album.s3.ap-northeast-2.amazonaws.com/album/c0f237df-64a9-4ac5-9643-6a5ecf5564ee..jpg',50),(234,' ','https://saessack-photo-album.s3.ap-northeast-2.amazonaws.com/album/09e11980-7266-4b58-8e72-87baec0a3965..jpg',50),(235,' ','https://saessack-photo-album.s3.ap-northeast-2.amazonaws.com/album/e6fd3e53-237f-4e78-b644-150be174ad80..jpg',50),(236,' ','https://saessack-photo-album.s3.ap-northeast-2.amazonaws.com/album/76628a6e-1e4a-4980-b270-586223b0b71f..jpg',51),(237,' ','https://saessack-photo-album.s3.ap-northeast-2.amazonaws.com/album/98059fd2-7d2f-4242-a4d6-7f968164e33a..png',51),(238,' ','https://saessack-photo-album.s3.ap-northeast-2.amazonaws.com/album/e6fd3e53-237f-4e78-b644-150be174ad80..jpg',51),(239,' ','https://saessack-photo-album.s3.ap-northeast-2.amazonaws.com/album/09e11980-7266-4b58-8e72-87baec0a3965..jpg',51),(240,' ','https://saessack-photo-album.s3.ap-northeast-2.amazonaws.com/album/2c7a6a73-8c87-4b81-bc11-770959745ad0..png',51),(241,' ','https://saessack-photo-album.s3.ap-northeast-2.amazonaws.com/album/51cd02c7-3a7b-4b35-a13d-12d7e531161c..jpg',51),(242,' ','https://saessack-photo-album.s3.ap-northeast-2.amazonaws.com/album/42a86489-6491-4713-8108-24be949cf18e..jpg',52),(243,' ','https://saessack-photo-album.s3.ap-northeast-2.amazonaws.com/album/c0f237df-64a9-4ac5-9643-6a5ecf5564ee..jpg',52),(244,' ','https://saessack-photo-album.s3.ap-northeast-2.amazonaws.com/album/09e11980-7266-4b58-8e72-87baec0a3965..jpg',52),(245,' ','https://saessack-photo-album.s3.ap-northeast-2.amazonaws.com/album/2c7a6a73-8c87-4b81-bc11-770959745ad0..png',52),(246,' ','https://saessack-photo-album.s3.ap-northeast-2.amazonaws.com/album/09e11980-7266-4b58-8e72-87baec0a3965..jpg',53),(247,' ','https://saessack-photo-album.s3.ap-northeast-2.amazonaws.com/album/98059fd2-7d2f-4242-a4d6-7f968164e33a..png',53),(248,' ','https://saessack-photo-album.s3.ap-northeast-2.amazonaws.com/album/c0f237df-64a9-4ac5-9643-6a5ecf5564ee..jpg',54),(249,' ','https://saessack-photo-album.s3.ap-northeast-2.amazonaws.com/album/09e11980-7266-4b58-8e72-87baec0a3965..jpg',54),(250,' ','https://saessack-photo-album.s3.ap-northeast-2.amazonaws.com/album/51cd02c7-3a7b-4b35-a13d-12d7e531161c..jpg',54),(406,'test51','https://saessack-photo-album.s3.ap-northeast-2.amazonaws.com/album/b2026653-0805-428a-8c59-81764eb2c07c..png',104),(407,'test52','https://saessack-photo-album.s3.ap-northeast-2.amazonaws.com/album/4139edbe-3c20-4353-b927-a2d377bb413b..png',104),(408,'test53','https://saessack-photo-album.s3.ap-northeast-2.amazonaws.com/album/98fd9406-3cbc-47d6-b375-ff01dc4b7750..png',104),(409,'test54','https://saessack-photo-album.s3.ap-northeast-2.amazonaws.com/album/a987aee2-4ace-4132-8652-6ed6daf80918..png',104),(410,'test55','https://saessack-photo-album.s3.ap-northeast-2.amazonaws.com/album/c2048b77-3e61-44e7-9d4f-46f58f86a84c..png',104),(411,'test56','https://saessack-photo-album.s3.ap-northeast-2.amazonaws.com/album/27f10cff-53e1-42ce-9cde-ab7b4d67678d..png',104),(412,'test57','https://saessack-photo-album.s3.ap-northeast-2.amazonaws.com/album/9b454f3e-2993-43cc-a9d4-c50b7d6d1d0f..png',104),(413,'test59','https://saessack-photo-album.s3.ap-northeast-2.amazonaws.com/album/6bfbc888-a998-40e6-92fc-69282d0c7e67..png',104),(414,'test51','https://saessack-photo-album.s3.ap-northeast-2.amazonaws.com/album/b2026653-0805-428a-8c59-81764eb2c07c..png',105),(415,'test56','https://saessack-photo-album.s3.ap-northeast-2.amazonaws.com/album/27f10cff-53e1-42ce-9cde-ab7b4d67678d..png',105),(416,'test53','https://saessack-photo-album.s3.ap-northeast-2.amazonaws.com/album/98fd9406-3cbc-47d6-b375-ff01dc4b7750..png',106),(417,'test59','https://saessack-photo-album.s3.ap-northeast-2.amazonaws.com/album/6bfbc888-a998-40e6-92fc-69282d0c7e67..png',106),(418,'test52','https://saessack-photo-album.s3.ap-northeast-2.amazonaws.com/album/4139edbe-3c20-4353-b927-a2d377bb413b..png',107),(419,'test54','https://saessack-photo-album.s3.ap-northeast-2.amazonaws.com/album/a987aee2-4ace-4132-8652-6ed6daf80918..png',107),(420,'test57','https://saessack-photo-album.s3.ap-northeast-2.amazonaws.com/album/9b454f3e-2993-43cc-a9d4-c50b7d6d1d0f..png',107),(421,'test53','https://saessack-photo-album.s3.ap-northeast-2.amazonaws.com/album/98fd9406-3cbc-47d6-b375-ff01dc4b7750..png',108),(422,'test51','https://saessack-photo-album.s3.ap-northeast-2.amazonaws.com/album/b2026653-0805-428a-8c59-81764eb2c07c..png',109),(426,'test58','https://saessack-photo-album.s3.ap-northeast-2.amazonaws.com/album/81e24f27-2114-46c0-9b86-92585b102e4b..png',113),(427,'test60','https://saessack-photo-album.s3.ap-northeast-2.amazonaws.com/album/6aef602c-d5a7-485c-bda9-4d2b63c685d6..png',113),(428,'test61','https://saessack-photo-album.s3.ap-northeast-2.amazonaws.com/album/dc7831b7-619f-4f3c-96d1-d2332efd3a06..png',113),(429,'test62','https://saessack-photo-album.s3.ap-northeast-2.amazonaws.com/album/1308cd18-c8b1-418a-8b78-58b6ae158fa4..png',113),(430,'test63','https://saessack-photo-album.s3.ap-northeast-2.amazonaws.com/album/b8d3f351-5fc6-46ec-895f-d98368fdbcfa..png',113),(431,'test64','https://saessack-photo-album.s3.ap-northeast-2.amazonaws.com/album/0a99ac56-4f98-459b-bf20-a9b129fdcc5b..png',113),(432,'test67','https://saessack-photo-album.s3.ap-northeast-2.amazonaws.com/album/d05acd7c-ef01-455a-84a2-86d7a5b0d80c..png',113),(433,'test78','https://saessack-photo-album.s3.ap-northeast-2.amazonaws.com/album/32ba447f-f4de-4383-be0d-9b78ec84f163..png',113),(434,'test61','https://saessack-photo-album.s3.ap-northeast-2.amazonaws.com/album/dc7831b7-619f-4f3c-96d1-d2332efd3a06..png',114),(435,'test62','https://saessack-photo-album.s3.ap-northeast-2.amazonaws.com/album/1308cd18-c8b1-418a-8b78-58b6ae158fa4..png',114),(436,'test64','https://saessack-photo-album.s3.ap-northeast-2.amazonaws.com/album/0a99ac56-4f98-459b-bf20-a9b129fdcc5b..png',114),(437,'test67','https://saessack-photo-album.s3.ap-northeast-2.amazonaws.com/album/d05acd7c-ef01-455a-84a2-86d7a5b0d80c..png',115),(438,'test62','https://saessack-photo-album.s3.ap-northeast-2.amazonaws.com/album/1308cd18-c8b1-418a-8b78-58b6ae158fa4..png',116),(439,'test64','https://saessack-photo-album.s3.ap-northeast-2.amazonaws.com/album/0a99ac56-4f98-459b-bf20-a9b129fdcc5b..png',116),(440,'test78','https://saessack-photo-album.s3.ap-northeast-2.amazonaws.com/album/32ba447f-f4de-4383-be0d-9b78ec84f163..png',116),(441,'test60','https://saessack-photo-album.s3.ap-northeast-2.amazonaws.com/album/6aef602c-d5a7-485c-bda9-4d2b63c685d6..png',117),(442,'test61','https://saessack-photo-album.s3.ap-northeast-2.amazonaws.com/album/dc7831b7-619f-4f3c-96d1-d2332efd3a06..png',117),(443,'test64','https://saessack-photo-album.s3.ap-northeast-2.amazonaws.com/album/0a99ac56-4f98-459b-bf20-a9b129fdcc5b..png',117),(444,'test63','https://saessack-photo-album.s3.ap-northeast-2.amazonaws.com/album/b8d3f351-5fc6-46ec-895f-d98368fdbcfa..png',118),(445,'test67','https://saessack-photo-album.s3.ap-northeast-2.amazonaws.com/album/d05acd7c-ef01-455a-84a2-86d7a5b0d80c..png',118),(446,'test65','https://saessack-photo-album.s3.ap-northeast-2.amazonaws.com/album/98651a6f-57d1-40a5-beef-c381d48554d7..png',119),(447,'test70','https://saessack-photo-album.s3.ap-northeast-2.amazonaws.com/album/dba6d501-1d9b-4794-99e9-571fb335e7d0..png',119),(448,'test71','https://saessack-photo-album.s3.ap-northeast-2.amazonaws.com/album/54bcbd94-a981-4d31-bdd9-93e7da50a38a..png',119),(449,'test72','https://saessack-photo-album.s3.ap-northeast-2.amazonaws.com/album/140ed27e-19e7-47fc-a22c-73fe3013a290..png',119),(450,'test73','https://saessack-photo-album.s3.ap-northeast-2.amazonaws.com/album/42bebd8e-8452-46be-81bb-e5c7800e53d4..png',119),(451,'test76','https://saessack-photo-album.s3.ap-northeast-2.amazonaws.com/album/d864bbfd-b4e9-4902-96e2-9f5c11d52666..png',119),(452,'test79','https://saessack-photo-album.s3.ap-northeast-2.amazonaws.com/album/cb90dada-dd1f-48b9-9158-a5f7303470b6..png',119),(453,'test80','https://saessack-photo-album.s3.ap-northeast-2.amazonaws.com/album/c619f763-fc0d-4589-b5c5-63e68226ec48..png',119),(454,'test65','https://saessack-photo-album.s3.ap-northeast-2.amazonaws.com/album/98651a6f-57d1-40a5-beef-c381d48554d7..png',120),(455,'test73','https://saessack-photo-album.s3.ap-northeast-2.amazonaws.com/album/42bebd8e-8452-46be-81bb-e5c7800e53d4..png',120),(456,'test70','https://saessack-photo-album.s3.ap-northeast-2.amazonaws.com/album/dba6d501-1d9b-4794-99e9-571fb335e7d0..png',121),(457,'test71','https://saessack-photo-album.s3.ap-northeast-2.amazonaws.com/album/54bcbd94-a981-4d31-bdd9-93e7da50a38a..png',121),(458,'test65','https://saessack-photo-album.s3.ap-northeast-2.amazonaws.com/album/98651a6f-57d1-40a5-beef-c381d48554d7..png',122),(459,'test70','https://saessack-photo-album.s3.ap-northeast-2.amazonaws.com/album/dba6d501-1d9b-4794-99e9-571fb335e7d0..png',122),(460,'test73','https://saessack-photo-album.s3.ap-northeast-2.amazonaws.com/album/42bebd8e-8452-46be-81bb-e5c7800e53d4..png',122),(461,'test76','https://saessack-photo-album.s3.ap-northeast-2.amazonaws.com/album/d864bbfd-b4e9-4902-96e2-9f5c11d52666..png',123),(462,'test80','https://saessack-photo-album.s3.ap-northeast-2.amazonaws.com/album/c619f763-fc0d-4589-b5c5-63e68226ec48..png',123),(463,'test66','https://saessack-photo-album.s3.ap-northeast-2.amazonaws.com/album/fc65ed30-75c1-431a-abd6-9c05da5ee6c8..png',124),(464,'test68','https://saessack-photo-album.s3.ap-northeast-2.amazonaws.com/album/9ef13057-bd5e-444a-967b-f82d8122a7a1..png',124),(465,'test69','https://saessack-photo-album.s3.ap-northeast-2.amazonaws.com/album/53c46ea6-a300-4831-bf77-c95883d5947f..png',124),(466,'test74','https://saessack-photo-album.s3.ap-northeast-2.amazonaws.com/album/a76f4933-9668-4913-b1d8-b773d9d49f9c..png',124),(467,'test75','https://saessack-photo-album.s3.ap-northeast-2.amazonaws.com/album/8fc6e240-1bec-4b6d-813a-46ca0a1b41c0..png',124),(468,'test77','https://saessack-photo-album.s3.ap-northeast-2.amazonaws.com/album/fc26cd0c-d67f-4e36-b9fe-cfe4481c7498..png',124),(469,'test81','https://saessack-photo-album.s3.ap-northeast-2.amazonaws.com/album/b6d1f1b1-5388-42a1-8350-71e7383fdb31..png',124),(470,'test69','https://saessack-photo-album.s3.ap-northeast-2.amazonaws.com/album/53c46ea6-a300-4831-bf77-c95883d5947f..png',125),(471,'test74','https://saessack-photo-album.s3.ap-northeast-2.amazonaws.com/album/a76f4933-9668-4913-b1d8-b773d9d49f9c..png',125),(472,'test66','https://saessack-photo-album.s3.ap-northeast-2.amazonaws.com/album/fc65ed30-75c1-431a-abd6-9c05da5ee6c8..png',126),(473,'test69','https://saessack-photo-album.s3.ap-northeast-2.amazonaws.com/album/53c46ea6-a300-4831-bf77-c95883d5947f..png',126),(474,'test74','https://saessack-photo-album.s3.ap-northeast-2.amazonaws.com/album/a76f4933-9668-4913-b1d8-b773d9d49f9c..png',126),(475,'test81','https://saessack-photo-album.s3.ap-northeast-2.amazonaws.com/album/b6d1f1b1-5388-42a1-8350-71e7383fdb31..png',127),(476,'test77','https://saessack-photo-album.s3.ap-northeast-2.amazonaws.com/album/fc26cd0c-d67f-4e36-b9fe-cfe4481c7498..png',128),(540,'2','https://saessack-photo-album.s3.ap-northeast-2.amazonaws.com/album/9c49a571-0367-4a3c-8b2e-5189b6f1d703..png',143),(541,'20240215160650','https://saessack-photo-album.s3.ap-northeast-2.amazonaws.com/album/b4461474-6740-4f55-8c7d-b3d3181e99d7..png',143),(542,'20240215160716','https://saessack-photo-album.s3.ap-northeast-2.amazonaws.com/album/e5e276f1-3604-4b78-95ed-a2f5199b94e6..png',143),(543,'20240215160937','https://saessack-photo-album.s3.ap-northeast-2.amazonaws.com/album/b5d44830-97e9-4aad-acb0-9334de9adb5f..png',143),(544,'20240215161005','https://saessack-photo-album.s3.ap-northeast-2.amazonaws.com/album/3219eb0e-b3f1-420d-98c4-f822b6b4d777..png',143),(545,'20240215161152','https://saessack-photo-album.s3.ap-northeast-2.amazonaws.com/album/db59cc76-d71e-41b7-a541-d9d008f3bcf5..png',143),(546,'20240215161200','https://saessack-photo-album.s3.ap-northeast-2.amazonaws.com/album/0ddececc-ead9-4834-a87e-dfb485a64713..png',143),(547,'20240215161412','https://saessack-photo-album.s3.ap-northeast-2.amazonaws.com/album/3f0a7fbd-9e14-4300-ac6b-da1d805eb0a8..png',143),(548,'20240215161451','https://saessack-photo-album.s3.ap-northeast-2.amazonaws.com/album/2a271b87-8394-49ed-b02a-0606f22d3694..png',143),(549,'20240215160650','https://saessack-photo-album.s3.ap-northeast-2.amazonaws.com/album/b4461474-6740-4f55-8c7d-b3d3181e99d7..png',144),(550,'20240215161005','https://saessack-photo-album.s3.ap-northeast-2.amazonaws.com/album/3219eb0e-b3f1-420d-98c4-f822b6b4d777..png',144),(551,'20240215161200','https://saessack-photo-album.s3.ap-northeast-2.amazonaws.com/album/0ddececc-ead9-4834-a87e-dfb485a64713..png',144),(552,'2','https://saessack-photo-album.s3.ap-northeast-2.amazonaws.com/album/9c49a571-0367-4a3c-8b2e-5189b6f1d703..png',145),(553,'20240215161005','https://saessack-photo-album.s3.ap-northeast-2.amazonaws.com/album/3219eb0e-b3f1-420d-98c4-f822b6b4d777..png',145),(554,'20240215161200','https://saessack-photo-album.s3.ap-northeast-2.amazonaws.com/album/0ddececc-ead9-4834-a87e-dfb485a64713..png',145),(555,'20240215160650','https://saessack-photo-album.s3.ap-northeast-2.amazonaws.com/album/b4461474-6740-4f55-8c7d-b3d3181e99d7..png',146),(556,'20240215160937','https://saessack-photo-album.s3.ap-northeast-2.amazonaws.com/album/b5d44830-97e9-4aad-acb0-9334de9adb5f..png',146),(557,'20240215161200','https://saessack-photo-album.s3.ap-northeast-2.amazonaws.com/album/0ddececc-ead9-4834-a87e-dfb485a64713..png',146),(558,'2','https://saessack-photo-album.s3.ap-northeast-2.amazonaws.com/album/9c49a571-0367-4a3c-8b2e-5189b6f1d703..png',147),(559,'20240215161005','https://saessack-photo-album.s3.ap-northeast-2.amazonaws.com/album/3219eb0e-b3f1-420d-98c4-f822b6b4d777..png',147),(560,'20240215160650','https://saessack-photo-album.s3.ap-northeast-2.amazonaws.com/album/b4461474-6740-4f55-8c7d-b3d3181e99d7..png',148),(561,'20240215161451','https://saessack-photo-album.s3.ap-northeast-2.amazonaws.com/album/2a271b87-8394-49ed-b02a-0606f22d3694..png',148),(562,'20240215161641','https://saessack-photo-album.s3.ap-northeast-2.amazonaws.com/album/ffcab31a-4b46-4c32-91ec-43f319ecd2e2..png',149),(563,'20240215161711','https://saessack-photo-album.s3.ap-northeast-2.amazonaws.com/album/7912653d-57d7-4f71-b947-c9abdeea1036..png',149),(564,'20240215161757','https://saessack-photo-album.s3.ap-northeast-2.amazonaws.com/album/a0902ff2-8000-4e09-b3ac-03ce1e404e63..png',149),(565,'20240215161820','https://saessack-photo-album.s3.ap-northeast-2.amazonaws.com/album/ab035053-19fd-49d6-bccf-654a0f3cf367..png',149),(566,'20240215161854','https://saessack-photo-album.s3.ap-northeast-2.amazonaws.com/album/4c95d97a-40ae-4e66-b4bc-2b1f4f2bd87d..png',149),(567,'20240215161902','https://saessack-photo-album.s3.ap-northeast-2.amazonaws.com/album/04bcc8ed-227f-4cb9-946a-7d3f6c5ad655..png',149),(568,'20240215161931','https://saessack-photo-album.s3.ap-northeast-2.amazonaws.com/album/cb7179f9-1b2c-463c-82ba-8dbf0779a09a..png',149),(569,'사진1','https://saessack-photo-album.s3.ap-northeast-2.amazonaws.com/album/ea9765a3-3b48-4841-a2a1-1d96aa140e58..png',149),(570,'20240215161931','https://saessack-photo-album.s3.ap-northeast-2.amazonaws.com/album/cb7179f9-1b2c-463c-82ba-8dbf0779a09a..png',150),(571,'사진1','https://saessack-photo-album.s3.ap-northeast-2.amazonaws.com/album/ea9765a3-3b48-4841-a2a1-1d96aa140e58..png',150),(572,'20240215161820','https://saessack-photo-album.s3.ap-northeast-2.amazonaws.com/album/ab035053-19fd-49d6-bccf-654a0f3cf367..png',151),(573,'20240215161711','https://saessack-photo-album.s3.ap-northeast-2.amazonaws.com/album/7912653d-57d7-4f71-b947-c9abdeea1036..png',152),(574,'20240215161931','https://saessack-photo-album.s3.ap-northeast-2.amazonaws.com/album/cb7179f9-1b2c-463c-82ba-8dbf0779a09a..png',152),(575,'사진1','https://saessack-photo-album.s3.ap-northeast-2.amazonaws.com/album/ea9765a3-3b48-4841-a2a1-1d96aa140e58..png',152),(576,'20240215161902','https://saessack-photo-album.s3.ap-northeast-2.amazonaws.com/album/04bcc8ed-227f-4cb9-946a-7d3f6c5ad655..png',153),(577,'20240215161931','https://saessack-photo-album.s3.ap-northeast-2.amazonaws.com/album/cb7179f9-1b2c-463c-82ba-8dbf0779a09a..png',153),(578,'20240215161902','https://saessack-photo-album.s3.ap-northeast-2.amazonaws.com/album/04bcc8ed-227f-4cb9-946a-7d3f6c5ad655..png',154),(579,'20240215161931','https://saessack-photo-album.s3.ap-northeast-2.amazonaws.com/album/cb7179f9-1b2c-463c-82ba-8dbf0779a09a..png',154),(580,'사진1','https://saessack-photo-album.s3.ap-northeast-2.amazonaws.com/album/ea9765a3-3b48-4841-a2a1-1d96aa140e58..png',154);
/*!40000 ALTER TABLE `file` ENABLE KEYS */;
UNLOCK TABLES;

--
-- Table structure for table `fix`
--

DROP TABLE IF EXISTS `fix`;
/*!40101 SET @saved_cs_client     = @@character_set_client */;
/*!50503 SET character_set_client = utf8mb4 */;
CREATE TABLE `fix` (
  `id` bigint NOT NULL AUTO_INCREMENT,
  `notice_id` bigint DEFAULT NULL,
  `user_id` bigint DEFAULT NULL,
  PRIMARY KEY (`id`),
  KEY `FK533u9fgyoiq6n3wq2fvoebrud` (`notice_id`),
  KEY `FK7f7ovcq8oyw5jusqho55s4sgh` (`user_id`),
  CONSTRAINT `FK533u9fgyoiq6n3wq2fvoebrud` FOREIGN KEY (`notice_id`) REFERENCES `notice` (`notice_id`),
  CONSTRAINT `FK7f7ovcq8oyw5jusqho55s4sgh` FOREIGN KEY (`user_id`) REFERENCES `user` (`id`)
) ENGINE=InnoDB AUTO_INCREMENT=31 DEFAULT CHARSET=utf8mb4 COLLATE=utf8mb4_general_ci;
/*!40101 SET character_set_client = @saved_cs_client */;

--
-- Dumping data for table `fix`
--

LOCK TABLES `fix` WRITE;
/*!40000 ALTER TABLE `fix` DISABLE KEYS */;
INSERT INTO `fix` VALUES (1,12,6),(2,11,6),(6,11,7),(7,10,7),(11,12,10),(15,13,3),(16,16,3),(17,17,10),(24,7,6),(25,17,13),(26,15,13),(30,6,6);
/*!40000 ALTER TABLE `fix` ENABLE KEYS */;
UNLOCK TABLES;

--
-- Table structure for table `food`
--

DROP TABLE IF EXISTS `food`;
/*!40101 SET @saved_cs_client     = @@character_set_client */;
/*!50503 SET character_set_client = utf8mb4 */;
CREATE TABLE `food` (
  `food_id` bigint NOT NULL AUTO_INCREMENT,
  `food_allergy` varchar(255) COLLATE utf8mb4_general_ci DEFAULT NULL,
  `food_name` varchar(255) COLLATE utf8mb4_general_ci DEFAULT NULL,
  `menu_id` bigint DEFAULT NULL,
  PRIMARY KEY (`food_id`),
  KEY `FKfltt9pjq2kw53tdhyu8im1imp` (`menu_id`),
  CONSTRAINT `FKfltt9pjq2kw53tdhyu8im1imp` FOREIGN KEY (`menu_id`) REFERENCES `menu` (`menu_id`)
) ENGINE=InnoDB AUTO_INCREMENT=172 DEFAULT CHARSET=utf8mb4 COLLATE=utf8mb4_general_ci;
/*!40101 SET character_set_client = @saved_cs_client */;

--
-- Dumping data for table `food`
--

LOCK TABLES `food` WRITE;
/*!40000 ALTER TABLE `food` DISABLE KEYS */;
INSERT INTO `food` VALUES (1,'','백미밥',1),(2,'5/6/16','소고기미역국',1),(3,'1/2','채소달걀말이',1),(4,'5','무나물',1),(5,'5/9','깍두기',1),(6,'5/6','꿀떡',2),(7,'2','요구르트 ',2),(8,'5/6','시리얼',3),(9,'2','우유',3),(10,'','현미밥',4),(11,'1/5/6/16/18','북어무국',4),(12,'5/6/10/18','돼지고기영양찜',4),(13,'9','새콤무생채',4),(14,'2/5/9','배추김치 ',4),(15,'','백미밥',5),(16,'5/6','모둠어묵국',5),(17,'2/5/6/10/16/18','두부스테이크',5),(18,'5','김자반',5),(19,'5/6/9','배추김치',5),(20,'1/2/5/6/13','롤케익',6),(21,'5','두유',6),(22,'','백미밥',7),(23,'1/5/6','삼색수제비',7),(24,'2/5/6/10/12/16','미트볼조림',7),(25,'','브로콜리숙회',7),(26,'5/6/9','배추김치',7),(27,'','무지개떡',8),(28,'','잡곡밥',9),(29,'2/5/6/9/10/16','콩비지찌개',9),(30,'5/15','닭살간장조림',9),(31,'5/6/9','오이새콤무침',9),(32,'9','배추김치',9),(33,'5/6/16','소고기채소죽',10),(34,'','흰쌀밥',11),(35,'2/5/6/15/16/18','소고기미역국',11),(36,'1/2/5/6/15/16','치킨너겟',11),(37,'5/9','배추김치',11),(38,'5/6/16','잡채',11),(39,'1/2/5/6/10/16/18','피자',12),(40,'','바나나',12),(41,'','잡곡밥',13),(42,'1/2/5/6/9/18','콩나물국',13),(43,'5/6/10/15','돈까스',13),(44,'5/6','가지나물',13),(45,'9','깍두기',13),(46,'1/2/5/6/10/15','핫도그',14),(47,'5','두유',14),(48,'','잡곡밥',15),(49,'1/2/5/15','닭곰탕',15),(50,'5/6','고등어조림',15),(51,'6','오이무침',15),(52,'9','배추김치',15),(53,'5/6/16','쇠고기죽',16),(54,'','잡곡밥',17),(55,'5/6/18','홍합국',17),(56,'5/6/15/18','간장찜닭',17),(57,'5/6/18','느타리버섯볶음',17),(58,'9','배추김치',17),(59,'5/6/16','궁중떡볶이',18),(60,'2/5/6/12/16','카레라이스',19),(61,'5/6','유부된장국',19),(62,'5/6/17','멸치볶음',19),(63,'13','단무지무침',19),(64,'1/2/5','요구르트',19),(65,'1/2/4/6','소보로빵',20),(66,'5','두유',20),(67,'1/2/5/6/10/15/16/17/18','짜장라이스',21),(68,'12','승늉',21),(69,'5/6/10/15','비엔나소세지볶음',21),(70,'','다시마부각',21),(71,'9','깍두기',21),(72,'','찐옥수수',22),(73,'2','우유',22),(74,'','딸기',10),(75,'','잡곡밥',23),(76,'5/6/16/18','쇠고기떡국',23),(77,'5/6/10','동그랑땡',23),(78,'5/6','오이무침',23),(79,'9','배추김치',23),(80,'1/2/6','크로와상',24),(81,'5','두유',24),(82,'5/6/16','잡곡밥',25),(83,'2/5/6/15/16/18','안매운육개장',25),(84,'','훈제오리',25),(85,'5/6','숙주나물무침',25),(86,'9','열무김치',25),(87,'4/6','꿀떡',26),(88,'','둥글레차',26),(89,'','잡곡밥',27),(90,'5/6/17','오징어무국',27),(91,'','참치채소볶음',27),(92,'5/6','가지나물무침',27),(93,'9','배추김치',27),(94,'18','표고버섯죽',28),(95,'','바나나',28),(96,'','잡곡밥',29),(97,'5/6','근대국',29),(98,'1/5/6','메추리알장조림',29),(99,'5/6/9/18','애호박볶음',29),(100,'9','배추김치',29),(101,'','과일화채',30),(102,'','잡곡밥',31),(103,'5/6/18','뭇국',31),(104,'5/6/16/18','소불고기',31),(105,'5/6/18','쑥갓두부무침',31),(106,'9','배추김치',31),(107,'1/2/6','마들렌',32),(108,'5','두유',32),(110,'','잡곡밥',33),(111,'5/6/9/18','건새우뭇국',33),(112,'5/6/16/18','소고기피망볶음',33),(113,'9','오이무침',33),(114,'9','배추김치',33),(115,'11','복숭아',34),(116,'2','요플레',34),(117,'','잡곡밥',35),(118,'5/6/18','콩나물국',35),(119,'1/5/6/10/16/19','떡갈비구이',35),(120,'','청포묵무침',35),(121,'9','배추김치',35),(122,'6','절편',36),(123,'11','복숭아주스',36),(124,'','잡곡밥',37),(125,'5/6','청국장찌개',37),(126,'5/6/17/18','오징어간장볶음',37),(127,'','브로콜리숙회&흑임자소스',37),(128,'9','깍두기',37),(129,'1/2/6','꽈배기',38),(130,'5','두유 ',38),(131,'','보리차',8),(132,'','흰쌀밥',39),(133,'5/6/18','버섯된장국',39),(134,'5/6/16/18','소고기파인애플볶음',39),(135,'9','무나물',39),(136,'9','배추김치',39),(137,'','부추죽',40),(138,'12','방울토마토 ',40),(139,'','흰쌀밥',41),(140,'5/6/16','소고기미역국',41),(141,'1/2/5/6/10/15','치킨너겟',41),(142,'5/6/10/15/18','잡채',41),(143,'9','깍두기',41),(144,'8','게살죽',42),(145,'1/9/18','새우살볶음밥',43),(146,'','숭늉',43),(147,'5/6/10/15/18','브로콜리햄볶음',43),(148,'9','배추김치',43),(149,'2','요구르트',43),(150,'','찐감자',44),(151,'2','우유',44),(152,'','잡곡밥',45),(153,'5/6','유부장국',45),(154,'5/6/16/18','야채소불고기',45),(155,'','참나물무침',45),(156,'9','배추김치',45),(157,'5/6','김가루채소죽',46),(158,'','포도',46),(159,'','잡곡밥',47),(160,'5/6/17/18','어묵국',47),(161,'5/6','생선까스&소스',47),(162,'5/6/18','청경채무침',47),(163,'9','배추김치',47),(164,'1/2/4/6','롤케익',48),(165,'5','두유',48),(166,'','잡곡밥',49),(167,'5/6/16','소고기미역국',49),(168,'5/6/9/12/18','새우살케찹볶음',49),(169,'5','콩나물무침',49),(170,'9','배추김치',49),(171,'1/2/6/10','크림스파게티',50);
/*!40000 ALTER TABLE `food` ENABLE KEYS */;
UNLOCK TABLES;

--
-- Table structure for table `kid`
--

DROP TABLE IF EXISTS `kid`;
/*!40101 SET @saved_cs_client     = @@character_set_client */;
/*!50503 SET character_set_client = utf8mb4 */;
CREATE TABLE `kid` (
  `gender` enum('F','M') COLLATE utf8mb4_general_ci DEFAULT NULL,
  `kid_allergy` varchar(255) COLLATE utf8mb4_general_ci DEFAULT NULL,
  `kid_allergy_check` bit(1) DEFAULT NULL,
  `kid_allergy_date` date DEFAULT NULL,
  `kid_allergy_signature` varchar(255) COLLATE utf8mb4_general_ci DEFAULT NULL,
  `kid_birthday` date NOT NULL,
  `id` bigint NOT NULL,
  `parent_id` bigint DEFAULT NULL,
  PRIMARY KEY (`id`),
  KEY `FKlf17001sv5sml2anc33jxwe0w` (`parent_id`),
  CONSTRAINT `FK8k8f44paci32ncai1uo2socx` FOREIGN KEY (`id`) REFERENCES `user` (`id`),
  CONSTRAINT `FKlf17001sv5sml2anc33jxwe0w` FOREIGN KEY (`parent_id`) REFERENCES `parent` (`id`)
) ENGINE=InnoDB DEFAULT CHARSET=utf8mb4 COLLATE=utf8mb4_general_ci;
/*!40101 SET character_set_client = @saved_cs_client */;

--
-- Dumping data for table `kid`
--

LOCK TABLES `kid` WRITE;
/*!40000 ALTER TABLE `kid` DISABLE KEYS */;
INSERT INTO `kid` VALUES ('M',NULL,_binary '',NULL,NULL,'2004-02-13',4,17),('M',NULL,_binary '',NULL,NULL,'2006-11-28',5,22),('M','11',_binary '','2024-02-13','https://saessack-photo-album.s3.ap-northeast-2.amazonaws.com/allergy/6babbfe30c334684aab00c256f46cf4e.png','2020-06-09',6,25),('F','11/17/15',_binary '','2024-02-12','https://saessack-photo-album.s3.ap-northeast-2.amazonaws.com/allergy/455e332ea9534717b93ba21a9c024500.png','2023-02-16',7,20),('M','2/4/12/8/9',_binary '','2024-02-13','https://saessack-photo-album.s3.ap-northeast-2.amazonaws.com/allergy/a7fc9960a550461292045c36f3436742.png','2007-10-25',8,24),('M',NULL,_binary '\0',NULL,NULL,'2008-02-16',11,17),('F','7/13/14',_binary '\0','2024-02-13','https://saessack-photo-album.s3.ap-northeast-2.amazonaws.com/allergy/0bffb00dc68146e392d79f4a946388ca.png','2023-02-05',12,25),('M','18/17/2/8',_binary '','2024-02-12','https://saessack-photo-album.s3.ap-northeast-2.amazonaws.com/allergy/5dc8447db29345cc9a32927d8676f1c7.png','2023-01-16',13,20),('F',NULL,_binary '\0',NULL,NULL,'2010-03-16',14,24),('M',NULL,_binary '\0',NULL,NULL,'2023-01-29',15,22);
/*!40000 ALTER TABLE `kid` ENABLE KEYS */;
UNLOCK TABLES;

--
-- Table structure for table `kid_tall`
--

DROP TABLE IF EXISTS `kid_tall`;
/*!40101 SET @saved_cs_client     = @@character_set_client */;
/*!50503 SET character_set_client = utf8mb4 */;
CREATE TABLE `kid_tall` (
  `tall_id` int NOT NULL AUTO_INCREMENT,
  `gender` enum('F','M') COLLATE utf8mb4_general_ci DEFAULT NULL,
  `number_of_month` int DEFAULT NULL,
  `top3` float DEFAULT NULL,
  `top50` float DEFAULT NULL,
  `top97` float DEFAULT NULL,
  PRIMARY KEY (`tall_id`)
) ENGINE=InnoDB AUTO_INCREMENT=457 DEFAULT CHARSET=utf8mb4 COLLATE=utf8mb4_general_ci;
/*!40101 SET character_set_client = @saved_cs_client */;

--
-- Dumping data for table `kid_tall`
--

LOCK TABLES `kid_tall` WRITE;
/*!40000 ALTER TABLE `kid_tall` DISABLE KEYS */;
INSERT INTO `kid_tall` VALUES (1,'M',0,46.3,49.9,53.4),(2,'M',1,51.1,54.7,58.4),(3,'M',2,54.7,58.4,62.2),(4,'M',3,57.6,61.4,65.3),(5,'M',4,60,63.9,67.8),(6,'M',5,61.9,65.9,69.9),(7,'M',6,63.6,67.6,71.6),(8,'M',7,65.1,69.2,73.2),(9,'M',8,66.5,70.6,74.7),(10,'M',9,67.7,72,76.2),(11,'M',10,69,73.3,77.6),(12,'M',11,70.2,74.5,78.9),(13,'M',12,71.3,75.7,80.2),(14,'M',13,72.4,76.9,81.5),(15,'M',14,73.4,78,82.7),(16,'M',15,74.4,79.1,83.9),(17,'M',16,75.4,80.2,85.1),(18,'M',17,76.3,81.2,86.2),(19,'M',18,77.2,82.3,87.3),(20,'M',19,78.1,83.2,88.4),(21,'M',20,78.9,84.2,89.5),(22,'M',21,79.7,85.1,90.5),(23,'M',22,80.5,86,91.6),(24,'M',23,81.3,86.9,92.6),(25,'M',24,81.4,87.1,92.9),(26,'M',25,82.1,88,93.8),(27,'M',26,82.8,88.8,94.8),(28,'M',27,83.5,89.6,95.7),(29,'M',28,84.2,90.4,96.6),(30,'M',29,84.9,91.2,97.5),(31,'M',30,85.5,91.9,98.3),(32,'M',31,86.2,92.7,99.2),(33,'M',32,86.8,93.4,100),(34,'M',33,87.4,94.1,100.8),(35,'M',34,88,94.8,101.5),(36,'M',35,88.5,95.4,102.3),(37,'M',36,89.7,96.5,104.4),(38,'M',37,90.2,97,105),(39,'M',38,90.7,97.6,105.6),(40,'M',39,91.2,98.1,106.1),(41,'M',40,91.7,98.7,106.7),(42,'M',41,92.2,99.2,107.2),(43,'M',42,92.7,99.8,107.8),(44,'M',43,93.2,100.3,108.4),(45,'M',44,93.7,100.9,108.9),(46,'M',45,94.2,101.4,109.5),(47,'M',46,94.7,102,110.1),(48,'M',47,95.2,102.5,110.6),(49,'M',48,95.6,103.1,111.2),(50,'M',49,96.1,103.6,111.7),(51,'M',50,96.6,104.2,112.3),(52,'M',51,97.1,104.7,112.9),(53,'M',52,97.6,105.3,113.4),(54,'M',53,98.1,105.8,114),(55,'M',54,98.6,106.3,114.6),(56,'M',55,99.1,106.9,115.1),(57,'M',56,99.6,107.4,115.7),(58,'M',57,100.1,108,116.3),(59,'M',58,100.6,108.5,116.8),(60,'M',59,101.1,109.1,117.4),(61,'M',60,101.6,109.6,118),(62,'M',61,102,110.1,118.6),(63,'M',62,102.5,110.7,119.1),(64,'M',63,103,111.2,119.7),(65,'M',64,103.5,111.7,120.3),(66,'M',65,104,112.2,120.9),(67,'M',66,104.5,112.8,121.5),(68,'M',67,105,113.3,122.1),(69,'M',68,105.5,113.8,122.6),(70,'M',69,105.9,114.4,123.2),(71,'M',70,106.4,114.9,123.8),(72,'M',71,106.9,115.4,124.4),(73,'M',72,107.4,115.9,125),(74,'M',73,107.9,116.4,125.6),(75,'M',74,108.3,117,126.1),(76,'M',75,108.8,117.5,126.7),(77,'M',76,109.3,118,127.3),(78,'M',77,109.8,118.5,127.9),(79,'M',78,110.3,119,128.4),(80,'M',79,110.7,119.5,129),(81,'M',80,111.2,120,129.5),(82,'M',81,111.7,120.5,130.1),(83,'M',82,112.1,121,130.6),(84,'M',83,112.6,121.6,131.2),(85,'M',84,113.1,122.1,131.7),(86,'M',85,113.5,122.5,132.3),(87,'M',86,114,123,132.8),(88,'M',87,114.4,123.5,133.3),(89,'M',88,114.9,124,133.9),(90,'M',89,115.4,124.5,134.4),(91,'M',90,115.8,125,134.9),(92,'M',91,116.3,125.5,135.4),(93,'M',92,116.7,126,135.9),(94,'M',93,117.1,126.5,136.4),(95,'M',94,117.6,126.9,136.9),(96,'M',95,118,127.4,137.5),(97,'M',96,118.5,127.9,137.9),(98,'M',97,118.9,128.3,138.4),(99,'M',98,119.3,128.8,138.9),(100,'M',99,119.8,129.3,139.4),(101,'M',100,120.2,129.7,139.9),(102,'M',101,120.6,130.2,140.4),(103,'M',102,121,130.7,140.9),(104,'M',103,121.5,131.1,141.4),(105,'M',104,121.9,131.6,141.9),(106,'M',105,122.3,132.1,142.4),(107,'M',106,122.7,132.5,142.9),(108,'M',107,123.2,133,143.4),(109,'M',108,123.6,133.4,143.9),(110,'M',109,124,133.9,144.4),(111,'M',110,124.4,134.3,144.9),(112,'M',111,124.8,134.8,145.4),(113,'M',112,125.2,135.2,146),(114,'M',113,125.6,135.6,146.5),(115,'M',114,126,136.1,147),(116,'M',115,126.4,136.6,147.5),(117,'M',116,126.8,137,148.1),(118,'M',117,127.2,137.5,148.6),(119,'M',118,127.6,137.9,149.1),(120,'M',119,128,138.4,149.7),(121,'M',120,128.4,138.8,150.2),(122,'M',121,128.8,139.3,150.8),(123,'M',122,129.2,139.8,151.3),(124,'M',123,129.6,140.3,151.9),(125,'M',124,130,140.7,152.4),(126,'M',125,130.4,141.2,153),(127,'M',126,130.8,141.7,153.6),(128,'M',127,131.2,142.2,154.1),(129,'M',128,131.6,142.7,154.7),(130,'M',129,132,143.2,155.3),(131,'M',130,132.4,143.7,155.9),(132,'M',131,132.8,144.2,156.5),(133,'M',132,133.2,144.7,157.1),(134,'M',133,133.6,145.2,157.7),(135,'M',134,134,145.8,158.3),(136,'M',135,134.4,146.3,159),(137,'M',136,134.8,146.8,159.6),(138,'M',137,135.2,147.4,160.2),(139,'M',138,135.7,147.9,160.8),(140,'M',139,136.1,148.5,161.5),(141,'M',140,136.5,149.1,162.1),(142,'M',141,136.9,149.7,162.8),(143,'M',142,137.4,150.2,163.4),(144,'M',143,137.8,150.8,164.1),(145,'M',144,138.2,151.4,164.7),(146,'M',145,138.7,152,165.4),(147,'M',146,139.2,152.6,166),(148,'M',147,139.6,153.2,166.6),(149,'M',148,140.1,153.8,167.3),(150,'M',149,140.6,154.4,167.9),(151,'M',150,141.1,155,168.5),(152,'M',151,141.6,155.6,169.1),(153,'M',152,142.1,156.2,169.6),(154,'M',153,142.6,156.8,170.2),(155,'M',154,143.1,157.4,170.8),(156,'M',155,143.6,158.1,171.4),(157,'M',156,144.2,158.6,171.9),(158,'M',157,144.7,159.2,172.4),(159,'M',158,145.2,159.8,172.8),(160,'M',159,145.8,160.3,173.3),(161,'M',160,146.3,160.9,173.8),(162,'M',161,146.8,161.5,174.3),(163,'M',162,147.4,162,174.7),(164,'M',163,147.9,162.5,175.1),(165,'M',164,148.5,163,175.5),(166,'M',165,149,163.5,175.8),(167,'M',166,149.5,164,176.2),(168,'M',167,150.1,164.5,176.6),(169,'M',168,150.6,165,176.9),(170,'M',169,151.2,165.4,177.2),(171,'M',170,151.7,165.8,177.5),(172,'M',171,152.2,166.2,177.8),(173,'M',172,152.8,166.6,178),(174,'M',173,153.3,167,178.3),(175,'M',174,153.8,167.4,178.6),(176,'M',175,154.2,167.7,178.8),(177,'M',176,154.7,168,179),(178,'M',177,155.2,168.3,179.2),(179,'M',178,155.6,168.6,179.5),(180,'M',179,156.1,169,179.7),(181,'M',180,156.5,169.2,179.9),(182,'M',181,156.8,169.4,180),(183,'M',182,157.2,169.6,180.2),(184,'M',183,157.6,169.9,180.4),(185,'M',184,158,170.1,180.6),(186,'M',185,158.3,170.3,180.7),(187,'M',186,158.6,170.5,180.9),(188,'M',187,158.9,170.6,181),(189,'M',188,159.2,170.8,181.2),(190,'M',189,159.5,171,181.3),(191,'M',190,159.8,171.1,181.5),(192,'M',191,160.1,171.3,181.6),(193,'M',192,160.3,171.4,181.7),(194,'M',193,160.5,171.5,181.8),(195,'M',194,160.7,171.6,182),(196,'M',195,160.9,171.8,182.1),(197,'M',196,161.2,171.9,182.2),(198,'M',197,161.4,172,182.3),(199,'M',198,161.5,172.1,182.4),(200,'M',199,161.6,172.2,182.5),(201,'M',200,161.8,172.3,182.6),(202,'M',201,161.9,172.4,182.8),(203,'M',202,162,172.5,182.9),(204,'M',203,162.1,172.6,183),(205,'M',204,162.2,172.6,183.1),(206,'M',205,162.3,172.7,183.2),(207,'M',206,162.4,172.8,183.3),(208,'M',207,162.5,172.9,183.4),(209,'M',208,162.6,173,183.5),(210,'M',209,162.7,173,183.6),(211,'M',210,162.8,173.1,183.7),(212,'M',211,162.9,173.2,183.8),(213,'M',212,163,173.3,183.9),(214,'M',213,163.1,173.4,184),(215,'M',214,163.2,173.4,184.1),(216,'M',215,163.3,173.5,184.2),(217,'M',216,163.3,173.6,184.3),(218,'M',217,163.4,173.7,184.4),(219,'M',218,163.5,173.8,184.5),(220,'M',219,163.6,173.8,184.6),(221,'M',220,163.7,173.9,184.7),(222,'M',221,163.8,174,184.8),(223,'M',222,163.9,174.1,184.8),(224,'M',223,164,174.2,184.9),(225,'M',224,164.1,174.2,185),(226,'M',225,164.2,174.3,185.1),(227,'M',226,164.3,174.4,185.2),(228,'M',227,164.4,174.5,185.3),(229,'F',0,45.6,49.1,52.7),(230,'F',1,50,53.7,57.4),(231,'F',2,53.2,57.1,60.9),(232,'F',3,55.8,59.8,63.8),(233,'F',4,58,62.1,66.2),(234,'F',5,59.9,64,68.2),(235,'F',6,61.5,65.7,70),(236,'F',7,62.9,67.3,71.6),(237,'F',8,64.3,68.7,73.2),(238,'F',9,65.6,70.1,74.7),(239,'F',10,66.8,71.5,76.1),(240,'F',11,68,72.8,77.5),(241,'F',12,69.2,74,78.9),(242,'F',13,70.3,75.2,80.2),(243,'F',14,71.3,76.4,81.4),(244,'F',15,72.4,77.5,82.7),(245,'F',16,73.3,78.6,83.9),(246,'F',17,74.3,79.7,85),(247,'F',18,75.2,80.7,86.2),(248,'F',19,76.2,81.7,87.3),(249,'F',20,77,82.7,88.4),(250,'F',21,77.9,83.7,89.4),(251,'F',22,78.7,84.6,90.5),(252,'F',23,79.6,85.5,91.5),(253,'F',24,79.6,85.7,91.8),(254,'F',25,80.4,86.6,92.8),(255,'F',26,81.2,87.4,93.7),(256,'F',27,81.9,88.3,94.6),(257,'F',28,82.6,89.1,95.6),(258,'F',29,83.4,89.9,96.4),(259,'F',30,84,90.7,97.3),(260,'F',31,84.7,91.4,98.2),(261,'F',32,85.4,92.2,99),(262,'F',33,86,92.9,99.8),(263,'F',34,86.7,93.6,100.6),(264,'F',35,87.3,94.4,101.4),(265,'F',36,88.1,95.4,103),(266,'F',37,88.7,95.9,103.5),(267,'F',38,89.2,96.5,104.1),(268,'F',39,89.7,97,104.7),(269,'F',40,90.2,97.6,105.3),(270,'F',41,90.8,98.1,105.8),(271,'F',42,91.3,98.6,106.4),(272,'F',43,91.8,99.2,107),(273,'F',44,92.4,99.7,107.6),(274,'F',45,92.9,100.3,108.1),(275,'F',46,93.4,100.8,108.7),(276,'F',47,93.9,101.4,109.3),(277,'F',48,94.5,101.9,109.8),(278,'F',49,95,102.4,110.4),(279,'F',50,95.5,103,111),(280,'F',51,96,103.5,111.6),(281,'F',52,96.6,104.1,112.1),(282,'F',53,97.1,104.6,112.7),(283,'F',54,97.6,105.1,113.3),(284,'F',55,98.1,105.7,113.8),(285,'F',56,98.7,106.2,114.4),(286,'F',57,99.2,106.8,115),(287,'F',58,99.7,107.3,115.5),(288,'F',59,100.2,107.8,116.1),(289,'F',60,100.7,108.4,116.7),(290,'F',61,101.2,108.9,117.2),(291,'F',62,101.7,109.4,117.8),(292,'F',63,102.2,110,118.3),(293,'F',64,102.7,110.5,118.9),(294,'F',65,103.3,111,119.5),(295,'F',66,103.7,111.6,120),(296,'F',67,104.2,112.1,120.6),(297,'F',68,104.7,112.6,121.1),(298,'F',69,105.2,113.2,121.7),(299,'F',70,105.6,113.7,122.2),(300,'F',71,106.1,114.2,122.8),(301,'F',72,106.6,114.7,123.3),(302,'F',73,107.1,115.2,123.9),(303,'F',74,107.5,115.8,124.5),(304,'F',75,108,116.3,125),(305,'F',76,108.5,116.8,125.6),(306,'F',77,108.9,117.3,126.1),(307,'F',78,109.4,117.8,126.7),(308,'F',79,109.9,118.3,127.3),(309,'F',80,110.3,118.8,127.9),(310,'F',81,110.8,119.3,128.4),(311,'F',82,111.2,119.8,129),(312,'F',83,111.7,120.3,129.6),(313,'F',84,112.2,120.8,130.2),(314,'F',85,112.6,121.3,130.7),(315,'F',86,113.1,121.8,131.3),(316,'F',87,113.5,122.3,131.9),(317,'F',88,114,122.8,132.5),(318,'F',89,114.4,123.3,133),(319,'F',90,114.8,123.8,133.6),(320,'F',91,115.3,124.2,134.2),(321,'F',92,115.7,124.7,134.8),(322,'F',93,116.2,125.2,135.3),(323,'F',94,116.6,125.7,135.9),(324,'F',95,117,126.2,136.5),(325,'F',96,117.5,126.7,137.1),(326,'F',97,117.9,127.2,137.6),(327,'F',98,118.4,127.6,138.2),(328,'F',99,118.8,128.1,138.8),(329,'F',100,119.3,128.6,139.4),(330,'F',101,119.7,129.1,139.9),(331,'F',102,120.1,129.6,140.5),(332,'F',103,120.6,130.1,141.1),(333,'F',104,121,130.6,141.7),(334,'F',105,121.5,131.1,142.3),(335,'F',106,121.9,131.6,142.9),(336,'F',107,122.4,132.1,143.5),(337,'F',108,122.8,132.6,144.1),(338,'F',109,123.3,133.2,144.7),(339,'F',110,123.7,133.7,145.2),(340,'F',111,124.1,134.2,145.8),(341,'F',112,124.6,134.7,146.4),(342,'F',113,125,135.3,147),(343,'F',114,125.5,135.8,147.6),(344,'F',115,125.9,136.4,148.2),(345,'F',116,126.4,136.9,148.8),(346,'F',117,126.8,137.5,149.4),(347,'F',118,127.3,138,150),(348,'F',119,127.7,138.6,150.6),(349,'F',120,128.2,139.1,151.2),(350,'F',121,128.6,139.7,151.7),(351,'F',122,129.1,140.2,152.3),(352,'F',123,129.5,140.8,152.9),(353,'F',124,130,141.4,153.4),(354,'F',125,130.5,141.9,154),(355,'F',126,130.9,142.5,154.5),(356,'F',127,131.4,143,155.1),(357,'F',128,131.9,143.6,155.6),(358,'F',129,132.3,144.1,156.1),(359,'F',130,132.8,144.7,156.6),(360,'F',131,133.3,145.2,157.2),(361,'F',132,133.8,145.8,157.6),(362,'F',133,134.2,146.3,158.1),(363,'F',134,134.7,146.8,158.5),(364,'F',135,135.2,147.3,159),(365,'F',136,135.7,147.9,159.5),(366,'F',137,136.2,148.4,159.9),(367,'F',138,136.7,148.9,160.3),(368,'F',139,137.1,149.4,160.7),(369,'F',140,137.6,149.8,161.1),(370,'F',141,138.1,150.3,161.5),(371,'F',142,138.6,150.8,161.9),(372,'F',143,139.1,151.3,162.3),(373,'F',144,139.5,151.7,162.6),(374,'F',145,140,152.1,162.9),(375,'F',146,140.5,152.5,163.3),(376,'F',147,140.9,152.9,163.6),(377,'F',148,141.4,153.3,163.9),(378,'F',149,141.9,153.7,164.2),(379,'F',150,142.3,154,164.5),(380,'F',151,142.7,154.3,164.8),(381,'F',152,143.1,154.7,165),(382,'F',153,143.5,155,165.3),(383,'F',154,143.9,155.3,165.6),(384,'F',155,144.3,155.7,165.8),(385,'F',156,144.7,155.9,166),(386,'F',157,145,156.2,166.2),(387,'F',158,145.3,156.4,166.4),(388,'F',159,145.7,156.7,166.7),(389,'F',160,146,156.9,166.9),(390,'F',161,146.3,157.2,167.1),(391,'F',162,146.5,157.3,167.2),(392,'F',163,146.8,157.5,167.4),(393,'F',164,147,157.7,167.5),(394,'F',165,147.2,157.8,167.7),(395,'F',166,147.5,158,167.8),(396,'F',167,147.7,158.2,168),(397,'F',168,147.9,158.3,168.1),(398,'F',169,148,158.4,168.2),(399,'F',170,148.2,158.6,168.3),(400,'F',171,148.3,158.7,168.4),(401,'F',172,148.4,158.8,168.5),(402,'F',173,148.6,158.9,168.6),(403,'F',174,148.7,159,168.7),(404,'F',175,148.8,159.1,168.8),(405,'F',176,148.9,159.2,168.9),(406,'F',177,149,159.3,168.9),(407,'F',178,149.1,159.4,169),(408,'F',179,149.2,159.4,169.1),(409,'F',180,149.3,159.5,169.2),(410,'F',181,149.4,159.5,169.2),(411,'F',182,149.5,159.6,169.3),(412,'F',183,149.6,159.7,169.4),(413,'F',184,149.7,159.7,169.4),(414,'F',185,149.8,159.8,169.5),(415,'F',186,149.9,159.8,169.6),(416,'F',187,149.9,159.9,169.6),(417,'F',188,150,159.9,169.7),(418,'F',189,150.1,159.9,169.7),(419,'F',190,150.2,160,169.8),(420,'F',191,150.2,160,169.8),(421,'F',192,150.3,160,169.8),(422,'F',193,150.4,160,169.9),(423,'F',194,150.4,160.1,169.9),(424,'F',195,150.5,160.1,169.9),(425,'F',196,150.6,160.1,169.9),(426,'F',197,150.6,160.1,170),(427,'F',198,150.7,160.1,170),(428,'F',199,150.7,160.2,170),(429,'F',200,150.8,160.2,170),(430,'F',201,150.9,160.2,170),(431,'F',202,150.9,160.2,170.1),(432,'F',203,151,160.2,170.1),(433,'F',204,151,160.2,170.1),(434,'F',205,151.1,160.3,170.1),(435,'F',206,151.1,160.3,170.2),(436,'F',207,151.2,160.4,170.2),(437,'F',208,151.3,160.4,170.2),(438,'F',209,151.3,160.4,170.3),(439,'F',210,151.4,160.5,170.3),(440,'F',211,151.4,160.5,170.3),(441,'F',212,151.4,160.5,170.3),(442,'F',213,151.5,160.5,170.4),(443,'F',214,151.5,160.6,170.4),(444,'F',215,151.6,160.6,170.4),(445,'F',216,151.6,160.6,170.4),(446,'F',217,151.7,160.7,170.5),(447,'F',218,151.7,160.7,170.5),(448,'F',219,151.8,160.8,170.5),(449,'F',220,151.8,160.8,170.6),(450,'F',221,151.9,160.8,170.6),(451,'F',222,151.9,160.9,170.6),(452,'F',223,152,160.9,170.6),(453,'F',224,152,160.9,170.7),(454,'F',225,152.1,161,170.7),(455,'F',226,152.1,161,170.7),(456,'F',227,152.2,161.1,170.8);
/*!40000 ALTER TABLE `kid_tall` ENABLE KEYS */;
UNLOCK TABLES;

--
-- Table structure for table `kid_weight`
--

DROP TABLE IF EXISTS `kid_weight`;
/*!40101 SET @saved_cs_client     = @@character_set_client */;
/*!50503 SET character_set_client = utf8mb4 */;
CREATE TABLE `kid_weight` (
  `weight_id` int NOT NULL AUTO_INCREMENT,
  `gender` enum('F','M') COLLATE utf8mb4_general_ci DEFAULT NULL,
  `number_of_month` int DEFAULT NULL,
  `top5` float DEFAULT NULL,
  `top50` float DEFAULT NULL,
  `top95` float DEFAULT NULL,
  PRIMARY KEY (`weight_id`)
) ENGINE=InnoDB AUTO_INCREMENT=457 DEFAULT CHARSET=utf8mb4 COLLATE=utf8mb4_general_ci;
/*!40101 SET character_set_client = @saved_cs_client */;

--
-- Dumping data for table `kid_weight`
--

LOCK TABLES `kid_weight` WRITE;
/*!40000 ALTER TABLE `kid_weight` DISABLE KEYS */;
INSERT INTO `kid_weight` VALUES (1,'M',0,2.6,3.3,4.2),(2,'M',1,3.6,4.5,5.5),(3,'M',2,4.5,5.6,6.8),(4,'M',3,5.2,6.4,7.7),(5,'M',4,5.8,7,8.4),(6,'M',5,6.2,7.5,9),(7,'M',6,6.6,7.9,9.5),(8,'M',7,6.9,8.3,9.9),(9,'M',8,7.2,8.6,10.3),(10,'M',9,7.4,8.9,10.6),(11,'M',10,7.7,9.2,10.9),(12,'M',11,7.9,9.4,11.2),(13,'M',12,8.1,9.6,11.5),(14,'M',13,8.2,9.9,11.8),(15,'M',14,8.4,10.1,12.1),(16,'M',15,8.6,10.3,12.3),(17,'M',16,8.8,10.5,12.6),(18,'M',17,8.9,10.7,12.9),(19,'M',18,9.1,10.9,13.1),(20,'M',19,9.3,11.1,13.4),(21,'M',20,9.4,11.3,13.6),(22,'M',21,9.6,11.5,13.9),(23,'M',22,9.8,11.8,14.2),(24,'M',23,9.9,12,14.4),(25,'M',24,10.1,12.2,14.7),(26,'M',25,10.2,12.4,14.9),(27,'M',26,10.4,12.5,15.2),(28,'M',27,10.5,12.7,15.4),(29,'M',28,10.7,12.9,15.7),(30,'M',29,10.8,13.1,15.9),(31,'M',30,11,13.3,16.2),(32,'M',31,11.1,13.5,16.4),(33,'M',32,11.2,13.7,16.6),(34,'M',33,11.4,13.8,16.9),(35,'M',34,11.5,14,17.1),(36,'M',35,11.6,14.2,17.3),(37,'M',36,12.6,14.7,17.3),(38,'M',37,12.7,14.9,17.5),(39,'M',38,12.8,15.1,17.8),(40,'M',39,13,15.3,18),(41,'M',40,13.1,15.4,18.3),(42,'M',41,13.2,15.6,18.5),(43,'M',42,13.4,15.8,18.8),(44,'M',43,13.5,16,19.1),(45,'M',44,13.6,16.1,19.3),(46,'M',45,13.8,16.3,19.6),(47,'M',46,13.9,16.5,19.8),(48,'M',47,14,16.7,20.1),(49,'M',48,14.2,16.8,20.4),(50,'M',49,14.3,17,20.6),(51,'M',50,14.4,17.2,20.9),(52,'M',51,14.6,17.4,21.1),(53,'M',52,14.7,17.5,21.4),(54,'M',53,14.8,17.7,21.7),(55,'M',54,15,17.9,21.9),(56,'M',55,15.1,18.1,22.2),(57,'M',56,15.2,18.2,22.5),(58,'M',57,15.4,18.4,22.7),(59,'M',58,15.5,18.6,23),(60,'M',59,15.6,18.8,23.3),(61,'M',60,15.8,19,23.5),(62,'M',61,15.9,19.1,23.8),(63,'M',62,16.1,19.3,24.1),(64,'M',63,16.2,19.5,24.4),(65,'M',64,16.3,19.7,24.6),(66,'M',65,16.5,19.9,24.9),(67,'M',66,16.6,20.1,25.2),(68,'M',67,16.8,20.3,25.6),(69,'M',68,16.9,20.5,25.9),(70,'M',69,17.1,20.7,26.2),(71,'M',70,17.2,20.9,26.5),(72,'M',71,17.4,21.1,26.9),(73,'M',72,17.5,21.3,27.2),(74,'M',73,17.7,21.6,27.6),(75,'M',74,17.8,21.8,27.9),(76,'M',75,18,22,28.3),(77,'M',76,18.2,22.3,28.7),(78,'M',77,18.3,22.5,29),(79,'M',78,18.5,22.7,29.4),(80,'M',79,18.7,23,29.8),(81,'M',80,18.8,23.2,30.2),(82,'M',81,19,23.5,30.6),(83,'M',82,19.2,23.7,30.9),(84,'M',83,19.3,24,31.3),(85,'M',84,19.5,24.2,31.7),(86,'M',85,19.7,24.5,32.2),(87,'M',86,19.8,24.7,32.6),(88,'M',87,20,25,33),(89,'M',88,20.2,25.3,33.4),(90,'M',89,20.3,25.5,33.8),(91,'M',90,20.5,25.8,34.3),(92,'M',91,20.7,26.1,34.7),(93,'M',92,20.9,26.4,35.2),(94,'M',93,21,26.7,35.6),(95,'M',94,21.2,26.9,36),(96,'M',95,21.4,27.2,36.5),(97,'M',96,21.6,27.5,36.9),(98,'M',97,21.8,27.8,37.4),(99,'M',98,22,28.1,37.9),(100,'M',99,22.1,28.4,38.3),(101,'M',100,22.3,28.7,38.8),(102,'M',101,22.5,29.1,39.2),(103,'M',102,22.7,29.4,39.7),(104,'M',103,22.9,29.7,40.2),(105,'M',104,23.1,30,40.7),(106,'M',105,23.3,30.3,41.1),(107,'M',106,23.5,30.7,41.6),(108,'M',107,23.7,31,42.1),(109,'M',108,23.8,31.3,42.6),(110,'M',109,24,31.7,43.1),(111,'M',110,24.2,32,43.6),(112,'M',111,24.4,32.3,44.1),(113,'M',112,24.6,32.7,44.6),(114,'M',113,24.8,33,45.1),(115,'M',114,25,33.4,45.7),(116,'M',115,25.2,33.7,46.2),(117,'M',116,25.4,34.1,46.7),(118,'M',117,25.6,34.4,47.2),(119,'M',118,25.9,34.8,47.8),(120,'M',119,26.1,35.2,48.3),(121,'M',120,26.3,35.5,48.8),(122,'M',121,26.5,35.9,49.4),(123,'M',122,26.7,36.3,49.9),(124,'M',123,26.9,36.7,50.5),(125,'M',124,27.2,37,51),(126,'M',125,27.4,37.4,51.5),(127,'M',126,27.6,37.8,52.1),(128,'M',127,27.9,38.2,52.7),(129,'M',128,28.1,38.6,53.2),(130,'M',129,28.3,39,53.8),(131,'M',130,28.6,39.4,54.3),(132,'M',131,28.8,39.8,54.9),(133,'M',132,29.1,40.2,55.5),(134,'M',133,29.3,40.6,56.1),(135,'M',134,29.6,41.1,56.6),(136,'M',135,29.8,41.5,57.2),(137,'M',136,30.1,41.9,57.8),(138,'M',137,30.3,42.3,58.4),(139,'M',138,30.6,42.8,59),(140,'M',139,30.9,43.2,59.6),(141,'M',140,31.2,43.6,60.2),(142,'M',141,31.5,44.1,60.8),(143,'M',142,31.8,44.5,61.4),(144,'M',143,32.1,45,62),(145,'M',144,32.4,45.4,62.6),(146,'M',145,32.7,45.9,63.1),(147,'M',146,33.1,46.3,63.7),(148,'M',147,33.4,46.8,64.3),(149,'M',148,33.7,47.3,64.9),(150,'M',149,34,47.7,65.5),(151,'M',150,34.4,48.2,66),(152,'M',151,34.7,48.6,66.6),(153,'M',152,35.1,49.1,67.1),(154,'M',153,35.4,49.5,67.6),(155,'M',154,35.8,50,68.2),(156,'M',155,36.1,50.5,68.7),(157,'M',156,36.5,50.9,69.2),(158,'M',157,36.9,51.3,69.7),(159,'M',158,37.2,51.8,70.2),(160,'M',159,37.6,52.2,70.7),(161,'M',160,38,52.7,71.1),(162,'M',161,38.3,53.1,71.6),(163,'M',162,38.7,53.5,72),(164,'M',163,39.1,53.9,72.4),(165,'M',164,39.5,54.4,72.8),(166,'M',165,39.9,54.8,73.2),(167,'M',166,40.3,55.2,73.6),(168,'M',167,40.7,55.6,74),(169,'M',168,41,56,74.4),(170,'M',169,41.4,56.4,74.7),(171,'M',170,41.8,56.7,75),(172,'M',171,42.2,57.1,75.4),(173,'M',172,42.6,57.5,75.7),(174,'M',173,43,57.9,76),(175,'M',174,43.4,58.2,76.3),(176,'M',175,43.7,58.5,76.5),(177,'M',176,44.1,58.9,76.8),(178,'M',177,44.5,59.2,77),(179,'M',178,44.9,59.5,77.3),(180,'M',179,45.2,59.8,77.5),(181,'M',180,45.6,60.1,77.7),(182,'M',181,45.9,60.4,77.9),(183,'M',182,46.2,60.7,78.1),(184,'M',183,46.6,60.9,78.3),(185,'M',184,46.9,61.2,78.5),(186,'M',185,47.2,61.5,78.7),(187,'M',186,47.5,61.7,78.9),(188,'M',187,47.8,61.9,79),(189,'M',188,48.1,62.2,79.2),(190,'M',189,48.4,62.4,79.4),(191,'M',190,48.7,62.6,79.5),(192,'M',191,49,62.9,79.7),(193,'M',192,49.3,63.1,79.9),(194,'M',193,49.5,63.2,80),(195,'M',194,49.8,63.4,80.2),(196,'M',195,50,63.6,80.4),(197,'M',196,50.3,63.8,80.5),(198,'M',197,50.5,64,80.7),(199,'M',198,50.7,64.2,80.8),(200,'M',199,50.9,64.3,81),(201,'M',200,51,64.5,81.1),(202,'M',201,51.2,64.6,81.2),(203,'M',202,51.4,64.8,81.4),(204,'M',203,51.6,64.9,81.5),(205,'M',204,51.7,65,81.7),(206,'M',205,51.9,65.2,81.8),(207,'M',206,52.1,65.3,81.9),(208,'M',207,52.2,65.5,82),(209,'M',208,52.4,65.6,82.2),(210,'M',209,52.5,65.8,82.3),(211,'M',210,52.7,65.9,82.4),(212,'M',211,52.9,66,82.5),(213,'M',212,53,66.2,82.7),(214,'M',213,53.2,66.3,82.8),(215,'M',214,53.3,66.4,82.9),(216,'M',215,53.5,66.6,83.1),(217,'M',216,53.6,66.7,83.2),(218,'M',217,53.8,66.9,83.3),(219,'M',218,53.9,67,83.4),(220,'M',219,54.1,67.1,83.6),(221,'M',220,54.2,67.3,83.7),(222,'M',221,54.4,67.4,83.8),(223,'M',222,54.5,67.5,84),(224,'M',223,54.7,67.7,84.1),(225,'M',224,54.8,67.8,84.2),(226,'M',225,55,67.9,84.3),(227,'M',226,55.1,68.1,84.5),(228,'M',227,55.3,68.2,84.6),(229,'F',0,2.5,3.2,4),(230,'F',1,3.3,4.2,5.2),(231,'F',2,4.1,5.1,6.3),(232,'F',3,4.7,5.8,7.2),(233,'F',4,5.2,6.4,7.9),(234,'F',5,5.6,6.9,8.4),(235,'F',6,6,7.3,8.9),(236,'F',7,6.3,7.6,9.4),(237,'F',8,6.5,7.9,9.7),(238,'F',9,6.8,8.2,10.1),(239,'F',10,7,8.5,10.4),(240,'F',11,7.2,8.7,10.7),(241,'F',12,7.3,8.9,11),(242,'F',13,7.5,9.2,11.3),(243,'F',14,7.7,9.4,11.5),(244,'F',15,7.9,9.6,11.8),(245,'F',16,8.1,9.8,12.1),(246,'F',17,8.2,10,12.3),(247,'F',18,8.4,10.2,12.6),(248,'F',19,8.6,10.4,12.9),(249,'F',20,8.7,10.6,13.1),(250,'F',21,8.9,10.9,13.4),(251,'F',22,9.1,11.1,13.6),(252,'F',23,9.2,11.3,13.9),(253,'F',24,9.4,11.5,14.2),(254,'F',25,9.6,11.7,14.4),(255,'F',26,9.8,11.9,14.7),(256,'F',27,9.9,12.1,15),(257,'F',28,10.1,12.3,15.2),(258,'F',29,10.2,12.5,15.5),(259,'F',30,10.4,12.7,15.7),(260,'F',31,10.5,12.9,16),(261,'F',32,10.7,13.1,16.2),(262,'F',33,10.8,13.3,16.5),(263,'F',34,11,13.5,16.8),(264,'F',35,11.1,13.7,17),(265,'F',36,12,14.2,16.6),(266,'F',37,12.1,14.4,16.9),(267,'F',38,12.2,14.5,17.1),(268,'F',39,12.4,14.7,17.4),(269,'F',40,12.5,14.9,17.6),(270,'F',41,12.7,15.1,17.9),(271,'F',42,12.8,15.2,18.1),(272,'F',43,12.9,15.4,18.4),(273,'F',44,13.1,15.6,18.7),(274,'F',45,13.2,15.7,18.9),(275,'F',46,13.3,15.9,19.2),(276,'F',47,13.5,16.1,19.5),(277,'F',48,13.6,16.3,19.7),(278,'F',49,13.7,16.4,20),(279,'F',50,13.9,16.6,20.2),(280,'F',51,14,16.8,20.5),(281,'F',52,14.2,17,20.8),(282,'F',53,14.3,17.1,21),(283,'F',54,14.4,17.3,21.3),(284,'F',55,14.6,17.5,21.6),(285,'F',56,14.7,17.7,21.8),(286,'F',57,14.8,17.8,22.1),(287,'F',58,15,18,22.4),(288,'F',59,15.1,18.2,22.6),(289,'F',60,15.3,18.4,22.9),(290,'F',61,15.4,18.5,23.2),(291,'F',62,15.5,18.7,23.4),(292,'F',63,15.7,18.9,23.7),(293,'F',64,15.8,19.1,24),(294,'F',65,16,19.3,24.3),(295,'F',66,16.1,19.5,24.6),(296,'F',67,16.2,19.7,24.9),(297,'F',68,16.4,19.9,25.2),(298,'F',69,16.5,20.1,25.5),(299,'F',70,16.6,20.2,25.8),(300,'F',71,16.8,20.4,26.2),(301,'F',72,16.9,20.7,26.5),(302,'F',73,17.1,20.9,26.8),(303,'F',74,17.2,21.1,27.2),(304,'F',75,17.4,21.3,27.5),(305,'F',76,17.5,21.5,27.9),(306,'F',77,17.6,21.7,28.2),(307,'F',78,17.8,22,28.6),(308,'F',79,17.9,22.2,29),(309,'F',80,18.1,22.4,29.3),(310,'F',81,18.2,22.7,29.7),(311,'F',82,18.4,22.9,30.1),(312,'F',83,18.5,23.1,30.5),(313,'F',84,18.7,23.4,30.9),(314,'F',85,18.9,23.6,31.3),(315,'F',86,19,23.9,31.7),(316,'F',87,19.2,24.1,32.1),(317,'F',88,19.4,24.4,32.5),(318,'F',89,19.5,24.6,32.9),(319,'F',90,19.7,24.9,33.3),(320,'F',91,19.9,25.2,33.7),(321,'F',92,20,25.5,34.1),(322,'F',93,20.2,25.7,34.5),(323,'F',94,20.4,26,35),(324,'F',95,20.5,26.3,35.4),(325,'F',96,20.7,26.6,35.8),(326,'F',97,20.9,26.8,36.3),(327,'F',98,21.1,27.1,36.7),(328,'F',99,21.3,27.4,37.2),(329,'F',100,21.5,27.7,37.6),(330,'F',101,21.7,28,38.1),(331,'F',102,21.9,28.3,38.5),(332,'F',103,22.1,28.6,39),(333,'F',104,22.3,28.9,39.5),(334,'F',105,22.5,29.2,39.9),(335,'F',106,22.7,29.6,40.4),(336,'F',107,22.9,29.9,40.9),(337,'F',108,23.1,30.2,41.4),(338,'F',109,23.3,30.5,41.9),(339,'F',110,23.5,30.9,42.4),(340,'F',111,23.7,31.2,42.9),(341,'F',112,24,31.5,43.4),(342,'F',113,24.2,31.9,43.9),(343,'F',114,24.4,32.2,44.4),(344,'F',115,24.6,32.6,44.9),(345,'F',116,24.8,32.9,45.4),(346,'F',117,25.1,33.3,45.9),(347,'F',118,25.3,33.7,46.4),(348,'F',119,25.5,34,46.9),(349,'F',120,25.8,34.4,47.5),(350,'F',121,26,34.8,48),(351,'F',122,26.2,35.2,48.5),(352,'F',123,26.5,35.5,49.1),(353,'F',124,26.7,35.9,49.6),(354,'F',125,27,36.3,50.1),(355,'F',126,27.2,36.7,50.6),(356,'F',127,27.5,37.1,51.1),(357,'F',128,27.8,37.5,51.6),(358,'F',129,28,37.9,52.2),(359,'F',130,28.3,38.3,52.7),(360,'F',131,28.6,38.7,53.2),(361,'F',132,28.9,39.1,53.7),(362,'F',133,29.2,39.5,54.1),(363,'F',134,29.4,39.9,54.6),(364,'F',135,29.7,40.3,55.1),(365,'F',136,30,40.7,55.6),(366,'F',137,30.3,41.1,56.1),(367,'F',138,30.6,41.5,56.5),(368,'F',139,30.9,41.8,56.9),(369,'F',140,31.2,42.2,57.4),(370,'F',141,31.5,42.6,57.8),(371,'F',142,31.8,43,58.2),(372,'F',143,32.1,43.4,58.7),(373,'F',144,32.5,43.7,59.1),(374,'F',145,32.8,44.1,59.4),(375,'F',146,33.1,44.4,59.8),(376,'F',147,33.4,44.8,60.2),(377,'F',148,33.7,45.2,60.6),(378,'F',149,34.1,45.5,60.9),(379,'F',150,34.4,45.8,61.3),(380,'F',151,34.7,46.1,61.6),(381,'F',152,35,46.5,61.9),(382,'F',153,35.3,46.8,62.2),(383,'F',154,35.6,47.1,62.5),(384,'F',155,36,47.4,62.8),(385,'F',156,36.3,47.7,63),(386,'F',157,36.5,47.9,63.2),(387,'F',158,36.8,48.2,63.5),(388,'F',159,37.1,48.5,63.7),(389,'F',160,37.4,48.7,63.9),(390,'F',161,37.7,49,64.2),(391,'F',162,38,49.2,64.3),(392,'F',163,38.2,49.4,64.5),(393,'F',164,38.5,49.7,64.7),(394,'F',165,38.7,49.9,64.9),(395,'F',166,39,50.1,65.1),(396,'F',167,39.2,50.3,65.3),(397,'F',168,39.5,50.5,65.4),(398,'F',169,39.7,50.7,65.6),(399,'F',170,39.9,50.9,65.7),(400,'F',171,40.1,51.1,65.8),(401,'F',172,40.3,51.3,66),(402,'F',173,40.6,51.5,66.1),(403,'F',174,40.7,51.6,66.2),(404,'F',175,40.9,51.8,66.3),(405,'F',176,41.1,52,66.4),(406,'F',177,41.3,52.1,66.5),(407,'F',178,41.5,52.3,66.6),(408,'F',179,41.6,52.4,66.7),(409,'F',180,41.8,52.6,66.8),(410,'F',181,41.9,52.7,66.9),(411,'F',182,42.1,52.8,66.9),(412,'F',183,42.2,52.9,67),(413,'F',184,42.4,53,67.1),(414,'F',185,42.5,53.2,67.1),(415,'F',186,42.6,53.2,67.2),(416,'F',187,42.7,53.3,67.2),(417,'F',188,42.8,53.4,67.3),(418,'F',189,42.9,53.5,67.3),(419,'F',190,43.1,53.6,67.4),(420,'F',191,43.2,53.7,67.4),(421,'F',192,43.2,53.7,67.5),(422,'F',193,43.3,53.8,67.5),(423,'F',194,43.4,53.8,67.5),(424,'F',195,43.5,53.9,67.5),(425,'F',196,43.5,53.9,67.6),(426,'F',197,43.6,54,67.6),(427,'F',198,43.7,54,67.6),(428,'F',199,43.7,54,67.6),(429,'F',200,43.8,54,67.6),(430,'F',201,43.8,54.1,67.6),(431,'F',202,43.9,54.1,67.6),(432,'F',203,43.9,54.1,67.6),(433,'F',204,44,54.1,67.6),(434,'F',205,44,54.1,67.6),(435,'F',206,44,54.1,67.6),(436,'F',207,44.1,54.1,67.6),(437,'F',208,44.1,54.1,67.6),(438,'F',209,44.1,54.1,67.6),(439,'F',210,44.2,54.1,67.6),(440,'F',211,44.2,54.1,67.6),(441,'F',212,44.2,54.1,67.6),(442,'F',213,44.3,54,67.6),(443,'F',214,44.3,54,67.6),(444,'F',215,44.3,54,67.6),(445,'F',216,44.3,54,67.5),(446,'F',217,44.4,54,67.5),(447,'F',218,44.4,54,67.5),(448,'F',219,44.4,54,67.5),(449,'F',220,44.5,54,67.5),(450,'F',221,44.5,54,67.5),(451,'F',222,44.5,54,67.5),(452,'F',223,44.5,54,67.5),(453,'F',224,44.6,53.9,67.5),(454,'F',225,44.6,53.9,67.5),(455,'F',226,44.6,53.9,67.5),(456,'F',227,44.7,53.9,67.5);
/*!40000 ALTER TABLE `kid_weight` ENABLE KEYS */;
UNLOCK TABLES;

--
-- Table structure for table `menu`
--

DROP TABLE IF EXISTS `menu`;
/*!40101 SET @saved_cs_client     = @@character_set_client */;
/*!50503 SET character_set_client = utf8mb4 */;
CREATE TABLE `menu` (
  `menu_id` bigint NOT NULL AUTO_INCREMENT,
  `menu_date` date DEFAULT NULL,
  `menu_path` varchar(255) COLLATE utf8mb4_general_ci DEFAULT NULL,
  `menu_type` varchar(255) COLLATE utf8mb4_general_ci DEFAULT NULL,
  `daycare_id` bigint DEFAULT NULL,
  PRIMARY KEY (`menu_id`),
  KEY `FKi9tm68vywfo4w39kb94tr7g1c` (`daycare_id`),
  CONSTRAINT `FKi9tm68vywfo4w39kb94tr7g1c` FOREIGN KEY (`daycare_id`) REFERENCES `daycare` (`daycare_id`)
) ENGINE=InnoDB AUTO_INCREMENT=51 DEFAULT CHARSET=utf8mb4 COLLATE=utf8mb4_general_ci;
/*!40101 SET character_set_client = @saved_cs_client */;

--
-- Dumping data for table `menu`
--

LOCK TABLES `menu` WRITE;
/*!40000 ALTER TABLE `menu` DISABLE KEYS */;
INSERT INTO `menu` VALUES (1,'2024-01-01','https://saessack-photo-album.s3.ap-northeast-2.amazonaws.com/menu/9d748d7b223a4be099838e39ac875190.png','점심',1),(2,'2024-01-01','https://saessack-photo-album.s3.ap-northeast-2.amazonaws.com/menu/f5e20b2260b74a84884b0ae16aae0ec9.png','간식',1),(3,'2024-01-02','https://saessack-photo-album.s3.ap-northeast-2.amazonaws.com/menu/9e267e6e820c4fc88709430448907e71.png','간식',1),(4,'2024-01-02','https://saessack-photo-album.s3.ap-northeast-2.amazonaws.com/menu/c6cd716082a34825a31a52e46698cad5.png','점심',1),(5,'2024-02-05','https://saessack-photo-album.s3.ap-northeast-2.amazonaws.com/menu/9e68d02a3d1b44fa9ed3f1d11ca2eff8.png','점심',1),(6,'2024-02-05','https://saessack-photo-album.s3.ap-northeast-2.amazonaws.com/menu/a56c17aeadee466a83c5d56956ce2ad2.png','간식',1),(7,'2024-02-06','https://saessack-photo-album.s3.ap-northeast-2.amazonaws.com/menu/f755bed83ca4456b81f606be0e7ec87a.png','점심',1),(8,'2024-02-06','https://saessack-photo-album.s3.ap-northeast-2.amazonaws.com/menu/adfb561677764e72b76b03154f06264b.png','간식',1),(9,'2024-02-07','https://saessack-photo-album.s3.ap-northeast-2.amazonaws.com/menu/baf1a16124314ac98ae9f9afa9d7b589.png','점심',1),(10,'2024-02-07','https://saessack-photo-album.s3.ap-northeast-2.amazonaws.com/menu/ad35d349579f4821aa5bd4fd9f4db184.png','간식',1),(11,'2024-02-12','https://saessack-photo-album.s3.ap-northeast-2.amazonaws.com/menu/a4ccf706513f4f919663f932f5bc6378.jpeg','점심',1),(12,'2024-02-12','https://saessack-photo-album.s3.ap-northeast-2.amazonaws.com/menu/ac0cb3f461fa43faaf00afaf1b9c6b66.jpeg','간식',1),(13,'2024-02-13','https://saessack-photo-album.s3.ap-northeast-2.amazonaws.com/menu/4e83aef178b0421b93318e8e453a9dd5.jpeg','점심',1),(14,'2024-02-13','https://saessack-photo-album.s3.ap-northeast-2.amazonaws.com/menu/c476a7b2f3894352b36b8f8f2ec86f8e.jpeg','간식',1),(15,'2024-02-14','https://saessack-photo-album.s3.ap-northeast-2.amazonaws.com/menu/6ef53b212d82486aad81faede9b4c7ae.jpeg','점심',1),(16,'2024-02-14','https://saessack-photo-album.s3.ap-northeast-2.amazonaws.com/menu/905aa6bece05438faedc0880962d5bf1.jpeg','간식',1),(17,'2024-02-15','https://saessack-photo-album.s3.ap-northeast-2.amazonaws.com/menu/b79408a833514a04ba2a3ab74517fc3c.jpeg','점심',1),(18,'2024-02-15','https://saessack-photo-album.s3.ap-northeast-2.amazonaws.com/menu/60f7724c5f3e4069946da998f4ca7f8e.jpeg','간식',1),(19,'2024-02-16','https://saessack-photo-album.s3.ap-northeast-2.amazonaws.com/menu/27657e640eb04d0badc4a7468fbe0b8a.jpeg','점심',1),(20,'2024-02-16','https://saessack-photo-album.s3.ap-northeast-2.amazonaws.com/menu/8ced2694e7764fc3a42777bd25ee126c.jpeg','간식',1),(21,'2024-02-08','https://saessack-photo-album.s3.ap-northeast-2.amazonaws.com/menu/ffb9dcea246a4f3ea71f4eee86f65602.png','점심',1),(22,'2024-02-08','https://saessack-photo-album.s3.ap-northeast-2.amazonaws.com/menu/f2af1cf6121e4be48f1c9d525036868b.png','간식',1),(23,'2024-02-09','https://saessack-photo-album.s3.ap-northeast-2.amazonaws.com/menu/ec52fb5e63db45e0a3377e07376b8249.png','점심',1),(24,'2024-02-09','https://saessack-photo-album.s3.ap-northeast-2.amazonaws.com/menu/2c852f9f32d84e45ab8122c4ab9466b2.png','간식',1),(25,'2024-01-29','https://saessack-photo-album.s3.ap-northeast-2.amazonaws.com/menu/e106489f78054711962ccded7306a74f.png','점심',1),(26,'2024-01-29','https://saessack-photo-album.s3.ap-northeast-2.amazonaws.com/menu/88847a445241406eac81de05d913e895.png','간식',1),(27,'2024-01-30','https://saessack-photo-album.s3.ap-northeast-2.amazonaws.com/menu/6e3a4be4c2364411a3b8d7de2e4556a0.png','점심',1),(28,'2024-01-30','https://saessack-photo-album.s3.ap-northeast-2.amazonaws.com/menu/589ad1b1de4d4e3bb7609c24e2653c54.png','간식',1),(29,'2024-01-31','https://saessack-photo-album.s3.ap-northeast-2.amazonaws.com/menu/dd12f0e8e48f4e22bc237c2cf54c56fc.png','점심',1),(30,'2024-01-31','https://saessack-photo-album.s3.ap-northeast-2.amazonaws.com/menu/1566bc271a08424ba7b36bd08e8bb205.png','간식',1),(31,'2024-02-01','https://saessack-photo-album.s3.ap-northeast-2.amazonaws.com/menu/95305d0d9b9040b58793956b4b52090c.png','점심',1),(32,'2024-02-01','https://saessack-photo-album.s3.ap-northeast-2.amazonaws.com/menu/1d7d1b75ddd1421a8fa3355ec0d40f38.png','간식',1),(33,'2024-02-02','https://saessack-photo-album.s3.ap-northeast-2.amazonaws.com/menu/461a2e04daa7486698779469c1341e8f.png','점심',1),(34,'2024-02-02','https://saessack-photo-album.s3.ap-northeast-2.amazonaws.com/menu/0ac9855d6a754159a608b1543f3ffe8d.png','간식',1),(35,'2024-01-03','https://saessack-photo-album.s3.ap-northeast-2.amazonaws.com/menu/6462063f5fa14d8ca274d4dd67b6a7ea.png','점심',1),(36,'2024-01-03','https://saessack-photo-album.s3.ap-northeast-2.amazonaws.com/menu/f783bf3b740b49f0a585079aa0ccdeb8.png','간식',1),(37,'2024-01-04','https://saessack-photo-album.s3.ap-northeast-2.amazonaws.com/menu/80003cd092804b7f86726a3022853c9d.png','점심',1),(38,'2024-01-04','https://saessack-photo-album.s3.ap-northeast-2.amazonaws.com/menu/292e963667e54177bf0980dfd70f4d54.png','간식',1),(39,'2024-01-05','https://saessack-photo-album.s3.ap-northeast-2.amazonaws.com/menu/56c44c8aa17d49eca6bf118d3d61dc8d.png','점심',1),(40,'2024-01-05','https://saessack-photo-album.s3.ap-northeast-2.amazonaws.com/menu/b9cb006b50b44f6180526154d0700972.png','간식',1),(41,'2024-01-08','https://saessack-photo-album.s3.ap-northeast-2.amazonaws.com/menu/e468f7e975eb4961b46496f62e77156c.png','점심',1),(42,'2024-01-08','https://saessack-photo-album.s3.ap-northeast-2.amazonaws.com/menu/266c587a46c8404bae8bec986142d4c3.png','간식',1),(43,'2024-01-09','https://saessack-photo-album.s3.ap-northeast-2.amazonaws.com/menu/040f0740940a447d9a6a31c3e1f07bbd.png','점심',1),(44,'2024-01-09','https://saessack-photo-album.s3.ap-northeast-2.amazonaws.com/menu/b51767c3944d4e70a65b966a2f88f9a3.png','간식',1),(45,'2024-01-10','https://saessack-photo-album.s3.ap-northeast-2.amazonaws.com/menu/e76d04fba9294e7fbe5d808f8daeb1ac.png','점심',1),(46,'2024-01-10','https://saessack-photo-album.s3.ap-northeast-2.amazonaws.com/menu/f0628e58d090471b88297bc86121449d.png','간식',1),(47,'2024-01-11','https://saessack-photo-album.s3.ap-northeast-2.amazonaws.com/menu/f1a80fe16e4040df80c19439300ec052.png','점심',1),(48,'2024-01-11','https://saessack-photo-album.s3.ap-northeast-2.amazonaws.com/menu/a8d66dc7a5cb45caa6a62556e9ce87c1.png','간식',1),(49,'2024-01-12','https://saessack-photo-album.s3.ap-northeast-2.amazonaws.com/menu/008e280f04fd47fca5a4e02018a40365.png','점심',1),(50,'2024-01-12','https://saessack-photo-album.s3.ap-northeast-2.amazonaws.com/menu/d050bde4f94f42769e836946aefeeec8.png','간식',1);
/*!40000 ALTER TABLE `menu` ENABLE KEYS */;
UNLOCK TABLES;

--
-- Table structure for table `notice`
--

DROP TABLE IF EXISTS `notice`;
/*!40101 SET @saved_cs_client     = @@character_set_client */;
/*!50503 SET character_set_client = utf8mb4 */;
CREATE TABLE `notice` (
  `notice_id` bigint NOT NULL AUTO_INCREMENT,
  `notice_content` varchar(1000) COLLATE utf8mb4_general_ci DEFAULT NULL,
  `notice_file` varchar(255) COLLATE utf8mb4_general_ci DEFAULT NULL,
  `notice_file_name` varchar(255) COLLATE utf8mb4_general_ci DEFAULT NULL,
  `notice_time` date DEFAULT NULL,
  `notice_title` varchar(255) COLLATE utf8mb4_general_ci DEFAULT NULL,
  `classroom_id` bigint DEFAULT NULL,
  `user_id` bigint DEFAULT NULL,
  PRIMARY KEY (`notice_id`),
  KEY `FKltnja2q2h6dtqio33k5x0qd19` (`classroom_id`),
  KEY `FKcvf4mh5se36inrxn7xlh2brfv` (`user_id`),
  CONSTRAINT `FKcvf4mh5se36inrxn7xlh2brfv` FOREIGN KEY (`user_id`) REFERENCES `user` (`id`),
  CONSTRAINT `FKltnja2q2h6dtqio33k5x0qd19` FOREIGN KEY (`classroom_id`) REFERENCES `classroom` (`classroom_id`)
) ENGINE=InnoDB AUTO_INCREMENT=19 DEFAULT CHARSET=utf8mb4 COLLATE=utf8mb4_general_ci;
/*!40101 SET character_set_client = @saved_cs_client */;

--
-- Dumping data for table `notice`
--

LOCK TABLES `notice` WRITE;
/*!40000 ALTER TABLE `notice` DISABLE KEYS */;
INSERT INTO `notice` VALUES (1,'2023학년도 학부모 오리엔테이션을 아래와 같이 실시합니다. \r\n\r\n- 일시: 2023.2.15.(수) 12:00~\r\n- 방법: 유튜브 이용(관련 링크는 2.15.(수) 11:30에 발송)\r\n- 자료배부: 2023.3.3.(금) \r\n  사전 수령을 원하실 경우 2.7.(화)~10.(금) 09:00~16:00 중에 유치원 방문 ','https://saessack-photo-album.s3.ap-northeast-2.amazonaws.com/notice/381b51a57054442cbb74efdc15d5bbc7.pdf','(인쇄용)2023학년도 유치원 생활안내(교육과정용).pdf','2024-02-12','2024 유치원 생활안내',1,10),(2,'안녕하세요, 소중한 우리 아이들을 위해 항상 노력하고 있는 유치원 선생님입니다. 올해도 벌써 3월이 돌아왔네요. 찬 바람이 점점 따뜻한 봄바람으로 바뀌는 시기, 우리 아이들의 웃음소리도 봄꽃처럼 활짝 피어나길 바라며 이번 달의 활동 계획을 알려드립니다.\r\n\r\n1. 봄나물 탐방\r\n봄의 기운을 가득 느낄 수 있는 나물 탐방을 갑니다. 아이들과 함께 싱그러운 봄 풀잎을 직접 보고 만지면서, 자연에 대한 궁금증과 호기심을 키워보려 합니다.\r\n\r\n2. 봄꽃 그리기\r\n봄의 대표 꽃인 벚꽃, 무궁화, 진달래 등을 크레파스로 그려보며 아이들의 감성을 자극합니다. 아이들의 창작물을 통해 그들의 상상력과 창의력을 발휘할 수 있도록 도와드립니다.\r\n\r\n3. 봄날의 스토리텔링\r\n봄과 관련된 동화나 이야기를 통해 아이들에게 봄의 의미와 봄에 관한 지식을 전달합니다. 이야기를 듣는 동안 아이들의 집중력과 상상력을 키워줄 것입니다.\r\n\r\n4. 식물 심기 활동\r\n아이들과 함께 작은 화분에 꽃이나 나무를 심는 활동을 통해 생명의 소중함과 책임감을 가르칩니다.\r\n\r\n5. 봄 노래 배우기\r\n봄과 관련된 노래를 함께 배우고 노래합니다. 음악을 통해 아이들의 감성을 더욱 풍부하게 해 줄 것입니다.\r\n\r\n유치원 생활에서 가장 중요한 것은 아이들의 안전입니다. 모든 활동은 아이들의 안전을 최우선으로 생각하며 진행될 예정이니, 부모님들께서도 안심하시길 바랍니다.\r\n\r\n또한, 아이들의 행복과 성장을 위해 항상 귀 기울이는 유치원 선생님이 되겠습니다. 아이들의 눈빛에서 행복을 발견하고 그 행복을 더 크게 만들어 가는 한 달이 될 수 있도록 최선을 다하겠습니다.\r\n\r\n부모님들께서도 집에서 아이들과 함께 봄의 계절을 즐기며 소중한 시간을 보내시길 바랍니다. 아이들의 미소와 웃음이 가득한 3월이 되길 바라며, 항상 감사의 마음을 담아 새싹티처 선생님 올림.',NULL,NULL,'2024-02-12','2024년 3월 샛별어린이집 활동계획',1,10),(3,'학부모님 안녕하십니까?\r\n최근 더워지는 날씨와 더불어 야외 활동이 많아지면서 어린이집 및 유치원을 중심으로 결막염 발생 환자가 증가하고 있어 예방을 위하여 다음과 같이 안내해 드립니다. 유아들의 건강한 유치원 생활을 위하여 가정에서도 많은 관심과 지도 부탁드립니다.\r\n \r\n★ 유지원 내 결막염 확산을 예방하기 위해 결막염 의심증상이 있는 경우 곧바로 가까운 의료기관에 방문하여 진료를 받고 전염력이 없어졌다고 의사가 판정할 때 까지 （완치후 등원시 완치 소견서 필요） 유치원（학원 포함）등 사람이 많이 모이는 장소에 가지 않도록 해주시기 바랍니다.\r\n\r\n유행성 결막염이란?\r\n유행성 결막염은 아데노바이러스가 원인으로 전염성이 높은 바이러스성 결막염 입니다.  접촉에 의해서 전파되며, 발병 후 약 2주간은 전염력이 있습니다. 유행성 결막염 증상 행성 결막염에 걸리면 눈이 충혈되며 눈물,  눈곱이 생기고 각막에 생긴 염증이 통증을 유발해 눈을 뜰 수 없을 정도가 된다 \r\n\r\n유행성 결막염 예방수칙 \r\n① 손씻기 : 흐르는 물에 비누를 이용하여 씻는다． \r\n② 눈을 만지거나 비비지 않는다． \r\n③ 수건， 베개， 안약과 같은 개인 소지품을 다른 사람과 함께 사용하지 않는다． \r\n④ 눈병이 발생하면 다른 사람들과 접촉을 하지 않는다． \r\n⑤ 눈에 이상이 있으면 눈을 만지지 말고 안과를 방문한다‘ ',NULL,NULL,'2024-02-12','유행성 결막염 예방 안내문',1,10),(4,'산업통상자원부 국가기술표준원에서는 시중 유통 제품의 안전 확보를 위하여 「어린이제품 안전 특별법」, 「제품안전기본법」 및 「전기용품 및 생활용품 안전관리법」에 따라 어린이제품 및 전기·생활용품에 대한 안전성 조사를 실시하고 있습니다.\r\n \r\n이와 관련하여 2023년 정기 제4차 안전성 조사에서 위해성이 확인된 리콜제품 목록을 우리유치원 홈페이지에 게시하오니, 어린이제품의 주요 사용자인 유아·어린이들이 리콜제품을 사용하지 않도록 유의하여 주시기 바랍니다.','https://saessack-photo-album.s3.ap-northeast-2.amazonaws.com/notice/7cb6bc4ebfcc44d2b093baed7b677abe.pdf','보도자료 및 리콜제품 목록(8p).pdf','2024-02-12','어린이제품 및 전기·생활용품 리콜제품 목록 안내',1,10),(5,'■  졸업식 안내\r\n그 동안 유치원을 믿고 맡겨 주시고, 담임으로 최선을 다했지만 부족한 점도 많았을 텐데 늘 격려해 주셔서 감사합니다. 졸업식 일정은 아래와 같습니다. 행사장에 늦지 않게 도착할 수 있도록 도와주시기 바랍니다.\r\n \r\n• 일 시 : 2월 16일(금) 오전 11시 – 12시, 벧엘교회 본당\r\n         행사장에 오전 10시 40분까지 도착하여 어린이는 대기실로 오고, 부모님은 본당 행사장에 계십니다.(외투는 부모님께서 관리해 주세요)\r\n• 내 용 : 유아 졸업장 및 상장, 메달 수여, 부모님 상장 수여, 축하선물(졸업앨범) 배부 외\r\n• 복 장 :\r\n   ① 졸업 가운과 모자를 착용하게 되므로 상의는 흰색 폴라티를 입혀주세요.\r\n      (여아의 경우 머리는 올리지 않는 것이 좋으며, 모양이나 크기가 과한 액세서리는 착용하지 않도록 해주세요.)\r\n   ② 하의 및 신발은 자유롭게 착용합니다.\r\n• 기 타 :\r\n   ① 졸업식을 마친 후 자유롭게 기념사진 촬영 후 졸업모와 가운을 반드시 반납해 주세요. 반납장소는 유아 대기실이며, 졸업앨범까지 받은 후 부모님과 함께 귀가하게 됩니다.\r\n   ② 주차는 벧엘교회 주차장을 사용하시면 됩니다.\r\n   ③ 가족분들의 참석인원 제한은 없습니다.\r\n \r\n■ 방과후과정반(종일반) 학부모님께 알려드립니다.\r\n• 16일(금)에는 졸업식을 마치고 부모님과 함께 귀가하게 됩니다.\r\n• 19일(월) ~ 27일(화)까지 봄방학 기간이지만 방과후과정반 유아들은 정상 등원이 가능합니다.\r\n• 준비물: 유치원 가방, 개인물통과 수저통, 도시락통(식판세척서비스 미신청자), 가정에서 준비한 문제집\r\n• 방과후과정반 담당 신다은 교사가 유아들을 지도하게 됩니다. 단, 유치원으로 전달사항이 있으신 학부모님께서는 문소영 교사 개인 핸드폰으로 연락주셔도 됩니다.\r\n• 유치원 차량을 이용하는 유아의 경우 기존 차량시간대로 이용하시면 됩니다.',NULL,NULL,'2024-02-13','샛별어린이집 졸업식 안내',1,10),(6,'■ 나눔가게 안내\r\n 해님반 유아들이 졸업을 앞두고 유치원 동생들에게 장난감이나 의류, 소품 등을 가져와 나눔 가게를 준비했습니다. 내가 사용하던 소중한 물건이 동생들에게 전달되어 잘 사용되기를 바라 는 마음으로 정성껏 준비하고 폴리백에 담아 물건에 담긴 사연도 적어보았습니다. 유아들이 준비한 놀이가 잘 이루어질 수 있도록 협조 부탁드립니다.\r\n \r\n  • 일 시 : 2월 7일(수) 오전 10시 ~ 11시\r\n  • 내 용 : 샛별유치원 유아들이 가져온 중고물품을 구매하고 수익금 전액은 어려운 이웃을 위해 성금함\r\n  • 장 소 : 샛별유치원 해님반 교실\r\n  • 준 비 물 : 장바구니, 100원 동전 30개 (3000원 준비-동전 준비가 번거로울 수 있으나 5,6세 유아들이 물건 구매할 때 스스로 계산 할 수 있도록 하기 위함입니다.)  \r\n    ※ 나눔가게 관련 별지를 보내드리오니 참고하시기 바랍니다.',NULL,NULL,'2024-02-13','2023년 3월 나눔가게 관련 안내',1,10),(7,'■ 전문가에게 듣는 자녀교육 온라인 특강 안내\r\n교육희망자 폭증으로 인해 유튜브 생중계 형태로 온라인교육을 실시합니다. 자세한 내용은 첨부된 별지 서류를 참고해 주시기 바랍니다.\r\n• 일 시 : 2월 20일(수) 10:00~12:00\r\n• 내 용 : 도전과 혁신의 가치, 그리스 로마신화에서 배운다.(김헌 교수)\r\n• 교육방법 : 서울특별시교육청 TV-YouTube\r\nhttps://www.youtube.com/channel/UCq4jckvlGYbC9fD73KPp6tw\r\n \r\n■ 샛별 음악회 안내\r\n다가오는 12월, 샛별 가족을 초대하여 음악회를 개최할 예정입니다. 유아들의 합창과 합주, 음악극 등의 공연을 함께 보시며 격려하는 시간을 갖게 됩니다.\r\n행사 시간이 학부모님들의 퇴근 시간과 비슷하여 반차나 또는 월차를 사용하셔야 참석 가능한 시간이라 미리 안내를 드립니다. 시간을 미리 마련해 주시기 부탁드립니다.\r\n\r\n• 일 시 : 2024년 2월 20(금) 17:00 ~ 18:30\r\n• 장 소 : 벧엘교회 본당\r\n• 주 제 : 샛별 음악회\r\n• 활동내용 : 합창 및 합주, 음악극 등의 유아 공연','https://saessack-photo-album.s3.ap-northeast-2.amazonaws.com/notice/ab47e0593a5b4ca986f81e90935cbf52.png','전문가에게 듣는 자녀교육 온라인 특강 안내.png','2024-02-13','2월 20일 자녀교육 온라인 특강 및 샛별가족 음악회 안내',1,10),(8,'■ 2024 건강운동대회 안내\r\n매년 진행하는 건강운동대회를 아래와 같이 실시합니다.\r\n• 일 시 : 3월 20일(화) ~ 22일(목) 중 1일\r\n• 장 소 : 교실 및 놀이터\r\n• 종 목 : 달리기, 멀리던지기\r\n\r\n■ 건강 운동대회 트로피 재료 안내\r\n유아들이 운동대회를 꾸준히 연습하며 준비하고 있습니다. 운동대회 후 시상에 필요한 트로피 재료를 별지 첨부하여 안내해드립니다. 유인물 봉투 속을 확인해 주시기 바랍니다. 그리고 우천시를 제외하고 매일 새싹반 유아들과 바깥놀이 시간을 활용하여 달리기 및 던지기를 연습하고 있습니다. 달리기와 던지기를 연습할 때, 샌들과 구두, 크록스를 신고 오는 경우 달리다가 넘어지는 경우가 종종 있습니다. 유아들이 안전하게 연습할 수 있도록 바지 및 운동화 착용을 해주시기 바랍니다.','https://saessack-photo-album.s3.ap-northeast-2.amazonaws.com/notice/2bbe36e6192244238d31169764c47bba.png','건강운동회 트로피 제작 준비물 안내.png','2024-02-13','건강운동회 개최 안내',1,10),(9,'■ 견학 안내\r\n경기 파주시에 있는 오두산통일전망대로 견학을 갑니다.\r\n• 일 시 : 9월 22일(금) 오전 9시 30분 ~ 오후 2시\r\n• 장 소 : 오두산 통일전망대\r\n• 활동내용 : 어린이 체험관(분단의 아픔, DMZ를 넘어서, 북한친구들 이야기, 통일로 가는 길, 신나는 통일)\r\n            전시실 관람(통일노력과 통일미래) - 전망대 - 옥외망원경\r\n• 복 장 : 활동하기 편리한 복장, 운동화, 여아의 경우 머리를 단정히 묶어주세요.\r\n          (단체용 조끼 및 미아방지 1회용 밴드는 원에서 준비합니다.)\r\n• 준 비 물 : 식수(생수병에 이름 기입), 과자 또는 과일 약간, 수저\r\n             (도시락통은 가져오지 않습니다. 김밥은 원에서 준비합니다.)\r\n• 도보유아의 경우 오전 9시 30분까지 유치원에 도착할 수 있도록 협조해 주세요.','https://saessack-photo-album.s3.ap-northeast-2.amazonaws.com/notice/cb7bcf8cc3f646dd9805ee0a594ad938.png','오두산통일전망대 유의사항.png','2024-02-13','오두산통일전망대 견학 안내',1,10),(10,'■ 유치원에 관한 설문 참여 안내\r\n2023학년도 유치원 교육과정 운영 평가 및 유치원급식(점심)을 위한 설문을 실시하고 학부모님들의 참여 방법을 안내하오니 바쁘시겠지만 참여 부탁드립니다.\r\n\r\n① 평가 참여자\r\n• 소망유치원 학부모 전원\r\n② 평가 기간\r\n• 2024년 2월 8일(목)(15:00) ~ 12일(월)(23:59)\r\n③ 평가 참여방법\r\n• 모바일 e-알리미 설문 참여',NULL,NULL,'2024-02-13','유치원 교육과정 운영평가 설문 참여 안내',1,10),(11,'본 어린이집에서 지원 원아를 대상으로 한 심리/정서적 안정 지원 상담 및 학부모를 대상으로 자녀에 대한 이해, 양육 스트레스 해소를 위한 개인 및 집단 상담을 계획하고 있습니다.\r\n\r\n함께 첨부한 안내문 이미지를 참고하여, 지도교사에게 접수해주시거나 어린이집 공식 전화번호로 전화 문의 바랍니다.\r\n\r\n맞춤형 케어 카운슬링 및 자녀 양육 코칭 DAY 신청 시 어린이집 방문이 필수이며, 온라인 진단검사 (스트레스, 성격유형 등)도 방문 후 요청 시 가능합니다.\r\n\r\n신청기간 : ~2024년 2월 29일','https://saessack-photo-album.s3.ap-northeast-2.amazonaws.com/notice/953fd11b63544b26b216300288bc4587.png','2024년 3월 상담일정 안내.png','2024-02-13','햇님반 어린이 대상 개인/집단상담 안내',1,10),(12,'원아 모집대상 : 만 3세, 만 4세, 만 5세\r\n장소 : 샛별유치원 강당\r\n소요 예정 시간 : 1시간 30분\r\n\r\n참여 방법\r\n1) 샛별 유치원 대표번호로 전화\r\n2) 채팅을 통해 선생님으로부터 받은 예약 링크로 원하는 날짜에 예약 (우선순위)\r\n3) 예약일에 유치원 방문하여 설명회 참석\r\n\r\n일정\r\n2024.3.31 오전 10시 30분\r\n2024.4.2 오전 10시 30분\r\n2024.4.3 오후 7시\r\n2024.4.7 오전 10시 30분\r\n2024.4.9 오전 10시 30분\r\n',NULL,NULL,'2024-02-13','2024년도 샛별유치원 중기 입학설명회 안내',1,10),(13,'원아 모집대상 : 만 3세, 만 4세, 만 5세\r\n장소 : 샛별유치원 강당\r\n소요 예정 시간 : 1시간 30분\r\n\r\n참여 방법\r\n1) 샛별 유치원 대표번호로 전화\r\n2) 채팅을 통해 선생님으로부터 받은 예약 링크로 원하는 날짜에 예약 (우선순위)\r\n3) 예약일에 유치원 방문하여 설명회 참석\r\n\r\n일정\r\n2024.3.31 오전 10시 30분\r\n2024.4.2 오전 10시 30분\r\n2024.4.3 오후 7시\r\n2024.4.7 오전 10시 30분\r\n2024.4.9 오전 10시 30분',NULL,NULL,'2024-02-15','2024년도 샛별유치원 중기 입학설명회 안내',2,3),(14,'본 어린이집에서 지원 원아를 대상으로 한 심리/정서적 안정 지원 상담 및 학부모를 대상으로 자녀에 대한 이해, 양육 스트레스 해소를 위한 개인 및 집단 상담을 계획하고 있습니다.\r\n\r\n함께 첨부한 안내문 이미지를 참고하여, 지도교사에게 접수해주시거나 어린이집 공식 전화번호로 전화 문의 바랍니다.\r\n\r\n맞춤형 케어 카운슬링 및 자녀 양육 코칭 DAY 신청 시 어린이집 방문이 필수이며, 온라인 진단검사 (스트레스, 성격유형 등)도 방문 후 요청 시 가능합니다.\r\n\r\n신청기간 : ~2024년 2월 29일','https://saessack-photo-album.s3.ap-northeast-2.amazonaws.com/notice/e619e126940446a197d41375172498a9.png','2024년 3월 상담일정 안내.png','2024-02-15','별님반 어린이 대상 개인/집단상담 안내',2,3),(15,'■ 졸업식 안내\r\n그 동안 유치원을 믿고 맡겨 주시고, 담임으로 최선을 다했지만 부족한 점도 많았을 텐데 늘 격려해 주셔서 감사합니다. 졸업식 일정은 아래와 같습니다. 행사장에 늦지 않게 도착할 수 있도록 도와주시기 바랍니다.\r\n\r\n• 일 시 : 2월 16일(금) 오전 11시 – 12시, 벧엘교회 본당\r\n행사장에 오전 10시 40분까지 도착하여 어린이는 대기실로 오고, 부모님은 본당 행사장에 계십니다.(외투는 부모님께서 관리해 주세요)\r\n• 내 용 : 유아 졸업장 및 상장, 메달 수여, 부모님 상장 수여, 축하선물(졸업앨범) 배부 외\r\n• 복 장 :\r\n① 졸업 가운과 모자를 착용하게 되므로 상의는 흰색 폴라티를 입혀주세요.\r\n(여아의 경우 머리는 올리지 않는 것이 좋으며, 모양이나 크기가 과한 액세서리는 착용하지 않도록 해주세요.)\r\n② 하의 및 신발은 자유롭게 착용합니다.\r\n• 기 타 :\r\n① 졸업식을 마친 후 자유롭게 기념사진 촬영 후 졸업모와 가운을 반드시 반납해 주세요. 반납장소는 유아 대기실이며, 졸업앨범까지 받은 후 부모님과 함께 귀가하게 됩니다.\r\n② 주차는 벧엘교회 주차장을 사용하시면 됩니다.\r\n③ 가족분들의 참석인원 제한은 없습니다.\r\n\r\n■ 방과후과정반(종일반) 학부모님께 알려드립니다.\r\n• 16일(금)에는 졸업식을 마치고 부모님과 함께 귀가하게 됩니다.\r\n• 19일(월) ~ 27일(화)까지 봄방학 기간이지만 방과후과정반 유아들은 정상 등원이 가능합니다.\r\n• 준비물: 유치원 가방, 개인물통과 수저통, 도시락통(식판세척서비스 미신청자), 가정에서 준비한 문제집\r\n• 방과후과정반 담당 신다은 교사가 유아들을 지도하게 됩니다. 단, 유치원으로 전달사항이 있으신 학부모님께서는 문소영 교사 개인 핸드폰으로 연락주셔도 됩니다.\r\n• 유치원 차량을 이용하는 유아의 경우 기존 차량시간대로 이용하시면 됩니다.',NULL,NULL,'2024-02-15','샛별어린이집 졸업식 안내',2,3),(16,'■ 전문가에게 듣는 자녀교육 온라인 특강 안내\r\n교육희망자 폭증으로 인해 유튜브 생중계 형태로 온라인교육을 실시합니다. 자세한 내용은 첨부된 별지 서류를 참고해 주시기 바랍니다.\r\n• 일 시 : 2월 20일(수) 10:00~12:00\r\n• 내 용 : 도전과 혁신의 가치, 그리스 로마신화에서 배운다.(김헌 교수)\r\n• 교육방법 : 서울특별시교육청 TV-YouTube\r\nhttps://www.youtube.com/channel/UCq4jckvlGYbC9fD73KPp6tw\r\n\r\n■ 샛별 음악회 안내\r\n다가오는 12월, 샛별 가족을 초대하여 음악회를 개최할 예정입니다. 유아들의 합창과 합주, 음악극 등의 공연을 함께 보시며 격려하는 시간을 갖게 됩니다.\r\n행사 시간이 학부모님들의 퇴근 시간과 비슷하여 반차나 또는 월차를 사용하셔야 참석 가능한 시간이라 미리 안내를 드립니다. 시간을 미리 마련해 주시기 부탁드립니다.\r\n\r\n• 일 시 : 2024년 2월 20(금) 17:00 ~ 18:30\r\n• 장 소 : 벧엘교회 본당\r\n• 주 제 : 샛별 음악회\r\n• 활동내용 : 합창 및 합주, 음악극 등의 유아 공연','https://saessack-photo-album.s3.ap-northeast-2.amazonaws.com/notice/65c44426f98e45d7861da6a78eb0ed96.png','전문가에게 듣는 자녀교육 온라인 특강 안내.png','2024-02-15','2월 20일 자녀교육 온라인 특강 및 샛별가족 음악회 안내',2,3),(17,'산업통상자원부 국가기술표준원에서는 시중 유통 제품의 안전 확보를 위하여 「어린이제품 안전 특별법」, 「제품안전기본법」 및 「전기용품 및 생활용품 안전관리법」에 따라 어린이제품 및 전기·생활용품에 대한 안전성 조사를 실시하고 있습니다.\r\n\r\n이와 관련하여 2023년 정기 제4차 안전성 조사에서 위해성이 확인된 리콜제품 목록을 우리유치원 홈페이지에 게시하오니, 어린이제품의 주요 사용자인 유아·어린이들이 리콜제품을 사용하지 않도록 유의하여 주시기 바랍니다.','https://saessack-photo-album.s3.ap-northeast-2.amazonaws.com/notice/713eb0862b2a42f189f6d8a785d03a4e.pdf','보도자료 및 리콜제품 목록(8p).pdf','2024-02-15','어린이제품 및 전기·생활용품 리콜제품 목록 안내',2,3),(18,'■ 견학 안내\r\n경기 파주시에 있는 오두산통일전망대로 견학을 갑니다.\r\n• 일 시 : 9월 22일(금) 오전 9시 30분 ~ 오후 2시\r\n• 장 소 : 오두산 통일전망대\r\n• 활동내용 : 어린이 체험관(분단의 아픔, DMZ를 넘어서, 북한친구들 이야기, 통일로 가는 길, 신나는 통일)\r\n전시실 관람(통일노력과 통일미래) - 전망대 - 옥외망원경\r\n• 복 장 : 활동하기 편리한 복장, 운동화, 여아의 경우 머리를 단정히 묶어주세요.\r\n(단체용 조끼 및 미아방지 1회용 밴드는 원에서 준비합니다.)\r\n• 준 비 물 : 식수(생수병에 이름 기입), 과자 또는 과일 약간, 수저\r\n(도시락통은 가져오지 않습니다. 김밥은 원에서 준비합니다.)\r\n• 도보유아의 경우 오전 9시 30분까지 유치원에 도착할 수 있도록 협조해 주세요.','https://saessack-photo-album.s3.ap-northeast-2.amazonaws.com/notice/df0a559ede7d43f5a2f7ae3ee10a7bfd.png','오두산통일전망대 유의사항.png','2024-02-15','오두산통일전망대 견학 안내',2,3);
/*!40000 ALTER TABLE `notice` ENABLE KEYS */;
UNLOCK TABLES;

--
-- Table structure for table `parent`
--

DROP TABLE IF EXISTS `parent`;
/*!40101 SET @saved_cs_client     = @@character_set_client */;
/*!50503 SET character_set_client = utf8mb4 */;
CREATE TABLE `parent` (
  `id` bigint NOT NULL,
  PRIMARY KEY (`id`),
  CONSTRAINT `FKor0no5wud03jeu63espilk64f` FOREIGN KEY (`id`) REFERENCES `user` (`id`)
) ENGINE=InnoDB DEFAULT CHARSET=utf8mb4 COLLATE=utf8mb4_general_ci;
/*!40101 SET character_set_client = @saved_cs_client */;

--
-- Dumping data for table `parent`
--

LOCK TABLES `parent` WRITE;
/*!40000 ALTER TABLE `parent` DISABLE KEYS */;
INSERT INTO `parent` VALUES (17),(20),(22),(24),(25);
/*!40000 ALTER TABLE `parent` ENABLE KEYS */;
UNLOCK TABLES;

--
-- Table structure for table `replacement`
--

DROP TABLE IF EXISTS `replacement`;
/*!40101 SET @saved_cs_client     = @@character_set_client */;
/*!50503 SET character_set_client = utf8mb4 */;
CREATE TABLE `replacement` (
  `replacement_id` bigint NOT NULL AUTO_INCREMENT,
  `replacement_check` bit(1) DEFAULT NULL,
  `replacement_date` date DEFAULT NULL,
  `replacement_day` date DEFAULT NULL,
  `replacement_name` varchar(255) COLLATE utf8mb4_general_ci DEFAULT NULL,
  `replacement_number` varchar(255) COLLATE utf8mb4_general_ci DEFAULT NULL,
  `replacement_relationship` varchar(255) COLLATE utf8mb4_general_ci DEFAULT NULL,
  `replacement_signature` varchar(255) COLLATE utf8mb4_general_ci DEFAULT NULL,
  `replacement_time` varchar(255) COLLATE utf8mb4_general_ci DEFAULT NULL,
  `replacement_vehicle` varchar(255) COLLATE utf8mb4_general_ci DEFAULT NULL,
  `kid_id` bigint DEFAULT NULL,
  PRIMARY KEY (`replacement_id`),
  KEY `FK3s3wvb5xsgvbla10cmkp1v7us` (`kid_id`),
  CONSTRAINT `FK3s3wvb5xsgvbla10cmkp1v7us` FOREIGN KEY (`kid_id`) REFERENCES `kid` (`id`)
) ENGINE=InnoDB AUTO_INCREMENT=55 DEFAULT CHARSET=utf8mb4 COLLATE=utf8mb4_general_ci;
/*!40101 SET character_set_client = @saved_cs_client */;

--
-- Dumping data for table `replacement`
--

LOCK TABLES `replacement` WRITE;
/*!40000 ALTER TABLE `replacement` DISABLE KEYS */;
INSERT INTO `replacement` VALUES (1,_binary '','2024-01-25','2024-01-22','송미영','010-8820-4637','이모','https://saessack-photo-album.s3.ap-northeast-2.amazonaws.com/replacement/7aebd325188d4660979137e152b151be.png','11:00','도보',7),(2,_binary '','2024-01-30','2024-01-27','최준석','010-8648-1120','고모부','https://saessack-photo-album.s3.ap-northeast-2.amazonaws.com/replacement/bcea7d43fc9d4cbaa375a424147af34f.png','15:30','자가용',7),(3,_binary '','2024-01-02','2024-01-01','최준석','010-8648-1120','고모부','https://saessack-photo-album.s3.ap-northeast-2.amazonaws.com/replacement/8dad6780148d40f9a3ac5095b95f5904.png','17:30','자가용',7),(4,_binary '','2024-01-11','2024-01-08','김영숙','010-9938-6391','할머니','https://saessack-photo-album.s3.ap-northeast-2.amazonaws.com/replacement/c285ca5e4466400dad26a38f2ef87f36.png','10:29','도보',7),(6,_binary '','2024-01-17','2024-01-12','송혜진','010-2952-1860','고모','https://saessack-photo-album.s3.ap-northeast-2.amazonaws.com/replacement/5add127406f147c2a18ba0712fb4daeb.png','17:00','도보',7),(7,_binary '','2024-02-16','2024-02-15','송병호','010-1961-3820','할아버지','https://saessack-photo-album.s3.ap-northeast-2.amazonaws.com/replacement/5add127406f147c2a18ba0712fb4daeb.png','15:00','도보',7),(8,_binary '','2024-02-01','2024-01-26','송병호','010-1961-3820','할아버지','https://saessack-photo-album.s3.ap-northeast-2.amazonaws.com/replacement/5add127406f147c2a18ba0712fb4daeb.png','12:00','자가용',7),(9,_binary '','2024-02-06','2024-02-05','이재현','010-3930-1397','이모부','https://saessack-photo-album.s3.ap-northeast-2.amazonaws.com/replacement/5add127406f147c2a18ba0712fb4daeb.png','16:00','자가용',7),(10,_binary '','2024-01-05','2024-01-04','박지현','010-1096-9273','이모','https://saessack-photo-album.s3.ap-northeast-2.amazonaws.com/replacement/27a234dedd2341d1b66abfceb207fc61.png','13:00','도보',6),(11,_binary '','2024-01-15','2024-01-14','박지현','010-1096-9273','이모','https://saessack-photo-album.s3.ap-northeast-2.amazonaws.com/replacement/27a234dedd2341d1b66abfceb207fc61.png','12:00','도보',6),(12,_binary '','2024-01-25','2024-01-23','박지현','010-1096-9273','이모','https://saessack-photo-album.s3.ap-northeast-2.amazonaws.com/replacement/27a234dedd2341d1b66abfceb207fc61.png','15:00','자가용',6),(13,_binary '\0','2024-02-14','2024-02-12','박지현','010-1096-9273','이모','https://saessack-photo-album.s3.ap-northeast-2.amazonaws.com/replacement/27a234dedd2341d1b66abfceb207fc61.png','16:00','자가용',6),(14,_binary '','2024-01-03','2024-01-02','송태현','010-7267-3363','고모부','https://saessack-photo-album.s3.ap-northeast-2.amazonaws.com/replacement/27a234dedd2341d1b66abfceb207fc61.png','16:00','도보',6),(15,_binary '','2024-01-09','2024-01-08','송태현','010-7267-3363','고모부','https://saessack-photo-album.s3.ap-northeast-2.amazonaws.com/replacement/27a234dedd2341d1b66abfceb207fc61.png','16:00','도보',6),(16,_binary '','2024-01-29','2024-01-26','송태현','010-7267-3363','고모부','https://saessack-photo-album.s3.ap-northeast-2.amazonaws.com/replacement/27a234dedd2341d1b66abfceb207fc61.png','12:00','도보',6),(17,_binary '','2024-02-07','2024-02-05','송동진','010-9387-5467','할아버지','https://saessack-photo-album.s3.ap-northeast-2.amazonaws.com/replacement/27a234dedd2341d1b66abfceb207fc61.png','14:00','도보',6),(18,_binary '','2024-02-16','2024-02-15','송동진','010-9387-5467','할아버지','https://saessack-photo-album.s3.ap-northeast-2.amazonaws.com/replacement/27a234dedd2341d1b66abfceb207fc61.png','17:00','도보',6),(20,_binary '','2024-02-08','2024-02-13','성지민','010-9273-6392','고모','https://saessack-photo-album.s3.ap-northeast-2.amazonaws.com/replacement/27a234dedd2341d1b66abfceb207fc61.png','17:00','자가용',6),(21,_binary '','2024-01-04','2024-01-03','윤지현','010-7242-3623','고모','https://saessack-photo-album.s3.ap-northeast-2.amazonaws.com/replacement/d6ecb6785f1d4ec78376999dfae208e6.png','12:00','자가용',5),(22,_binary '','2024-01-12','2024-01-09','윤지현','010-7242-3623','고모','https://saessack-photo-album.s3.ap-northeast-2.amazonaws.com/replacement/d6ecb6785f1d4ec78376999dfae208e6.png','14:00','도보',5),(23,_binary '','2024-01-25','2024-01-24','윤지현','010-7242-3623','고모','https://saessack-photo-album.s3.ap-northeast-2.amazonaws.com/replacement/d6ecb6785f1d4ec78376999dfae208e6.png','16:00','자가용',5),(24,_binary '','2024-01-09','2024-01-08','최옥자','010-1061-1963','할머니','https://saessack-photo-album.s3.ap-northeast-2.amazonaws.com/replacement/d6ecb6785f1d4ec78376999dfae208e6.png','16:00','도보',5),(25,_binary '','2024-01-29','2024-01-28','최옥자','010-1061-1963','할머니','https://saessack-photo-album.s3.ap-northeast-2.amazonaws.com/replacement/d6ecb6785f1d4ec78376999dfae208e6.png','17:00','도보',5),(26,_binary '','2024-02-08','2024-02-07','최옥자','010-1061-1963','할머니','https://saessack-photo-album.s3.ap-northeast-2.amazonaws.com/replacement/d6ecb6785f1d4ec78376999dfae208e6.png','12:00','자가용',5),(27,_binary '','2024-02-15','2024-02-14','최옥자','010-1061-1963','할머니','https://saessack-photo-album.s3.ap-northeast-2.amazonaws.com/replacement/d6ecb6785f1d4ec78376999dfae208e6.png','16:00','자가용',5),(29,_binary '','2024-02-13','2024-02-13','송혜진','010-2952-1860','고모','https://saessack-photo-album.s3.ap-northeast-2.amazonaws.com/replacement/5add127406f147c2a18ba0712fb4daeb.png','11:00','도보',7),(30,_binary '','2024-01-04','2024-01-02','박미경','010-2873-5466','할머니','https://saessack-photo-album.s3.ap-northeast-2.amazonaws.com/replacement/b3e88bdbefc346508e90dc353e1b3e2c.png','16:00','자가용',4),(31,_binary '','2024-01-11','2024-01-10','박미경','010-2873-5466','할머니','https://saessack-photo-album.s3.ap-northeast-2.amazonaws.com/replacement/b3e88bdbefc346508e90dc353e1b3e2c.png','12:00','도보',4),(32,_binary '','2024-01-17','2024-01-15','박미경','010-2873-5466','할머니','https://saessack-photo-album.s3.ap-northeast-2.amazonaws.com/replacement/b3e88bdbefc346508e90dc353e1b3e2c.png','15:00','도보',4),(33,_binary '','2024-01-08','2024-01-05','이민지','010-1683-2581','고모','https://saessack-photo-album.s3.ap-northeast-2.amazonaws.com/replacement/b3e88bdbefc346508e90dc353e1b3e2c.png','15:00','도보',4),(34,_binary '','2024-01-23','2024-01-21','이민지','010-1683-2581','고모','https://saessack-photo-album.s3.ap-northeast-2.amazonaws.com/replacement/b3e88bdbefc346508e90dc353e1b3e2c.png','14:00','도보',4),(35,_binary '','2024-01-28','2024-01-27','이민지','010-1683-2581','고모','https://saessack-photo-album.s3.ap-northeast-2.amazonaws.com/replacement/b3e88bdbefc346508e90dc353e1b3e2c.png','11:00','자가용',4),(36,_binary '','2024-02-05','2024-02-04','김창수','010-8744-4357','할아버지','https://saessack-photo-album.s3.ap-northeast-2.amazonaws.com/replacement/b3e88bdbefc346508e90dc353e1b3e2c.png','13:00','도보',4),(37,_binary '','2024-02-14','2024-02-13','김창수','010-8744-4357','할아버지','https://saessack-photo-album.s3.ap-northeast-2.amazonaws.com/replacement/b3e88bdbefc346508e90dc353e1b3e2c.png','14:00','자가용',4),(38,_binary '','2024-02-08','2024-02-07','송성호','010-2782-2628','이모부','https://saessack-photo-album.s3.ap-northeast-2.amazonaws.com/replacement/b3e88bdbefc346508e90dc353e1b3e2c.png','15:00','도보',4),(39,_binary '','2024-01-10','2024-01-05','김나영','010-2782-9438','이모','https://saessack-photo-album.s3.ap-northeast-2.amazonaws.com/replacement/c5df40bbbfdd4475abc9f9a69775982e.png','11:00','도보',8),(40,_binary '','2024-01-04','2024-01-03','이영훈','010-6789-3279','할아버지','https://saessack-photo-album.s3.ap-northeast-2.amazonaws.com/replacement/c5df40bbbfdd4475abc9f9a69775982e.png','15:00','도보',8),(41,_binary '','2024-01-11','2024-01-10','이영훈','010-6789-3279','할아버지','https://saessack-photo-album.s3.ap-northeast-2.amazonaws.com/replacement/c5df40bbbfdd4475abc9f9a69775982e.png','13:00','자가용',8),(42,_binary '','2024-01-09','2024-01-08','이나현','010-1019-2975','고모','https://saessack-photo-album.s3.ap-northeast-2.amazonaws.com/replacement/c5df40bbbfdd4475abc9f9a69775982e.png','14:00','도보',8),(43,_binary '','2024-02-01','2024-01-30','이나현','010-1019-2975','고모','https://saessack-photo-album.s3.ap-northeast-2.amazonaws.com/replacement/c5df40bbbfdd4475abc9f9a69775982e.png','14:00','도보',8),(44,_binary '','2024-01-18','2024-01-16','이현우','010-7933-5534','고모부','https://saessack-photo-album.s3.ap-northeast-2.amazonaws.com/replacement/c5df40bbbfdd4475abc9f9a69775982e.png','13:00','자가용',8),(45,_binary '','2024-01-29','2024-01-25','이현우','010-7933-5534','고모부','https://saessack-photo-album.s3.ap-northeast-2.amazonaws.com/replacement/c5df40bbbfdd4475abc9f9a69775982e.png','11:00','도보',8),(46,_binary '','2024-02-13','2024-02-12','최현지','010-9287-8732','할머니','https://saessack-photo-album.s3.ap-northeast-2.amazonaws.com/replacement/c5df40bbbfdd4475abc9f9a69775982e.png','11:00','도보',8),(47,_binary '','2024-02-16','2024-02-15','박영준','010-2724-9920','이모부','https://saessack-photo-album.s3.ap-northeast-2.amazonaws.com/replacement/c5df40bbbfdd4475abc9f9a69775982e.png','15:00','자가용',8),(48,_binary '\0','2024-02-23','2024-02-16','김영욱','010-5672-4827','할아버지','https://saessack-photo-album.s3.ap-northeast-2.amazonaws.com/replacement/0fd62a4d4c7348fb87c23753d13c3b77.png','18:26','자차',6),(50,_binary '\0','2024-02-16','2024-02-11','윤선아','010-9239-2342','이모','https://saessack-photo-album.s3.ap-northeast-2.amazonaws.com/replacement/64de9a3be4c44414bf7848cfa880e3f9.png','19:06','도보',6),(53,_binary '\0','2024-02-01','2024-01-28','송혜진','010-2952-1860','고모','https://saessack-photo-album.s3.ap-northeast-2.amazonaws.com/replacement/5821bf5ea6fd41fd964205c529274c61.png','15:25','자가용',13),(54,_binary '','2024-02-16','2024-02-15','이재현','010-3930-1397','이모부','https://saessack-photo-album.s3.ap-northeast-2.amazonaws.com/replacement/b2905bb54c824e78a7e567ce9a357ccc.png','16:16','도보',13);
/*!40000 ALTER TABLE `replacement` ENABLE KEYS */;
UNLOCK TABLES;

--
-- Table structure for table `room`
--

DROP TABLE IF EXISTS `room`;
/*!40101 SET @saved_cs_client     = @@character_set_client */;
/*!50503 SET character_set_client = utf8mb4 */;
CREATE TABLE `room` (
  `room_id` bigint NOT NULL AUTO_INCREMENT,
  `kid_id` bigint DEFAULT NULL,
  `teacher_id` bigint DEFAULT NULL,
  PRIMARY KEY (`room_id`),
  KEY `FKsdoxanpmpkrdnob2cn4f48m1v` (`kid_id`),
  KEY `FK52f7goj96ka380es3uagivlko` (`teacher_id`),
  CONSTRAINT `FK52f7goj96ka380es3uagivlko` FOREIGN KEY (`teacher_id`) REFERENCES `teacher` (`id`),
  CONSTRAINT `FKsdoxanpmpkrdnob2cn4f48m1v` FOREIGN KEY (`kid_id`) REFERENCES `kid` (`id`)
) ENGINE=InnoDB AUTO_INCREMENT=62 DEFAULT CHARSET=utf8mb4 COLLATE=utf8mb4_general_ci;
/*!40101 SET character_set_client = @saved_cs_client */;

--
-- Dumping data for table `room`
--

LOCK TABLES `room` WRITE;
/*!40000 ALTER TABLE `room` DISABLE KEYS */;
/*!40000 ALTER TABLE `room` ENABLE KEYS */;
UNLOCK TABLES;

--
-- Table structure for table `teacher`
--

DROP TABLE IF EXISTS `teacher`;
/*!40101 SET @saved_cs_client     = @@character_set_client */;
/*!50503 SET character_set_client = utf8mb4 */;
CREATE TABLE `teacher` (
  `id` bigint NOT NULL,
  PRIMARY KEY (`id`),
  CONSTRAINT `FKlicv62vmu1ydw117bbxqhkof1` FOREIGN KEY (`id`) REFERENCES `user` (`id`)
) ENGINE=InnoDB DEFAULT CHARSET=utf8mb4 COLLATE=utf8mb4_general_ci;
/*!40101 SET character_set_client = @saved_cs_client */;

--
-- Dumping data for table `teacher`
--

LOCK TABLES `teacher` WRITE;
/*!40000 ALTER TABLE `teacher` DISABLE KEYS */;
INSERT INTO `teacher` VALUES (3),(10);
/*!40000 ALTER TABLE `teacher` ENABLE KEYS */;
UNLOCK TABLES;

--
-- Table structure for table `todo`
--

DROP TABLE IF EXISTS `todo`;
/*!40101 SET @saved_cs_client     = @@character_set_client */;
/*!50503 SET character_set_client = utf8mb4 */;
CREATE TABLE `todo` (
  `todo_id` bigint NOT NULL AUTO_INCREMENT,
  `completed` bit(1) DEFAULT NULL,
  `content` varchar(255) COLLATE utf8mb4_general_ci DEFAULT NULL,
  `created_date` date DEFAULT NULL,
  `user_id` bigint DEFAULT NULL,
  PRIMARY KEY (`todo_id`),
  KEY `FK2ft3dfk1d3uw77pas3xqwymm7` (`user_id`),
  CONSTRAINT `FK2ft3dfk1d3uw77pas3xqwymm7` FOREIGN KEY (`user_id`) REFERENCES `user` (`id`)
) ENGINE=InnoDB AUTO_INCREMENT=20 DEFAULT CHARSET=utf8mb4 COLLATE=utf8mb4_general_ci;
/*!40101 SET character_set_client = @saved_cs_client */;

--
-- Dumping data for table `todo`
--

LOCK TABLES `todo` WRITE;
/*!40000 ALTER TABLE `todo` DISABLE KEYS */;
/*!40000 ALTER TABLE `todo` ENABLE KEYS */;
UNLOCK TABLES;

--
-- Table structure for table `user`
--

DROP TABLE IF EXISTS `user`;
/*!40101 SET @saved_cs_client     = @@character_set_client */;
/*!50503 SET character_set_client = utf8mb4 */;
CREATE TABLE `user` (
  `id` bigint NOT NULL,
  `email` varchar(255) COLLATE utf8mb4_general_ci DEFAULT NULL,
  `nickname` varchar(255) COLLATE utf8mb4_general_ci DEFAULT NULL,
  `profile` varchar(255) COLLATE utf8mb4_general_ci DEFAULT NULL,
  `classroom_id` bigint DEFAULT NULL,
  PRIMARY KEY (`id`),
  KEY `FKebadyjp2w26ivmel9kbt9v67a` (`classroom_id`),
  CONSTRAINT `FKebadyjp2w26ivmel9kbt9v67a` FOREIGN KEY (`classroom_id`) REFERENCES `classroom` (`classroom_id`)
) ENGINE=InnoDB DEFAULT CHARSET=utf8mb4 COLLATE=utf8mb4_general_ci;
/*!40101 SET character_set_client = @saved_cs_client */;

--
-- Dumping data for table `user`
--

LOCK TABLES `user` WRITE;
/*!40000 ALTER TABLE `user` DISABLE KEYS */;
INSERT INTO `user` VALUES (3,'saessak-teacher@kakao.com','새싹티처','http://k.kakaocdn.net/dn/1G9kp/btsAot8liOn/8CWudi3uy07rvFNUkk3ER0/img_640x640.jpg',2),(4,NULL,'김민국','https://saessack-photo-album.s3.ap-northeast-2.amazonaws.com/profile/b548b159930045ba9f85a864aeb5f3a1.png',1),(5,NULL,'윤후','https://saessack-photo-album.s3.ap-northeast-2.amazonaws.com/profile/6071fa7d03fc4319bef1aae41637ea16.png',1),(6,NULL,'성준','https://saessack-photo-album.s3.ap-northeast-2.amazonaws.com/profile/d1c9ceee03b345ef8edaf3f9360e701c.png',1),(7,NULL,'송지아','https://saessack-photo-album.s3.ap-northeast-2.amazonaws.com/profile/537e0e667be149c88aea955a179467eb.png',1),(8,NULL,'이준수','https://saessack-photo-album.s3.ap-northeast-2.amazonaws.com/profile/482fa090-73d4-4c96-8eab-3be34559eeee.png',1),(10,'gw07167@naver.com','윤선아','http://k.kakaocdn.net/dn/EOywE/btsBC2BRKVu/RnNRgIqkyjAFFJQ9UsY1Uk/img_640x640.jpg',1),(11,NULL,'김민율','https://saessack-photo-album.s3.ap-northeast-2.amazonaws.com/profile/49f305c7cc904449bac692962962befc.PNG',2),(12,NULL,'성빈','https://saessack-photo-album.s3.ap-northeast-2.amazonaws.com/profile/c0bfec6bf9c849b184e524fcd2ef07ae.PNG',2),(13,NULL,'임찬영','https://saessack-photo-album.s3.ap-northeast-2.amazonaws.com/profile/168641b385a24a72a47b6bf913b6d078.PNG',2),(14,NULL,'정세윤','https://saessack-photo-album.s3.ap-northeast-2.amazonaws.com/profile/f8a40aa48953498a8f63867d9b6e2a59.PNG',2),(15,NULL,'안리환','https://saessack-photo-album.s3.ap-northeast-2.amazonaws.com/profile/7d2b87c016804445a178bb203dfdf737.PNG',2),(17,'khe1120@naver.com','김하은','http://k.kakaocdn.net/dn/bBy4fe/btsCZ4qh5f6/PHdwKjQTRMwKtXxM6BAu6K/img_640x640.jpg',NULL),(20,'saessak-mother@kakao.com','새싹마덜','http://k.kakaocdn.net/dn/1G9kp/btsAot8liOn/8CWudi3uy07rvFNUkk3ER0/img_640x640.jpg',NULL),(22,'happy315315@hanmail.net','김선영','http://k.kakaocdn.net/dn/1G9kp/btsAot8liOn/8CWudi3uy07rvFNUkk3ER0/img_640x640.jpg',NULL),(24,'asdfn0@kakao.com','이민우','http://k.kakaocdn.net/dn/1G9kp/btsAot8liOn/8CWudi3uy07rvFNUkk3ER0/img_640x640.jpg',NULL),(25,'kjin0517@naver.com','종인','http://k.kakaocdn.net/dn/bMVsHb/btsrEx38RrT/GGsa0zIbKl9hhng1SCTNxK/m1.jpg',NULL);
/*!40000 ALTER TABLE `user` ENABLE KEYS */;
UNLOCK TABLES;

--
-- Table structure for table `user_seq`
--

DROP TABLE IF EXISTS `user_seq`;
/*!40101 SET @saved_cs_client     = @@character_set_client */;
/*!50503 SET character_set_client = utf8mb4 */;
CREATE TABLE `user_seq` (
  `next_val` bigint DEFAULT NULL
) ENGINE=InnoDB DEFAULT CHARSET=utf8mb4 COLLATE=utf8mb4_general_ci;
/*!40101 SET character_set_client = @saved_cs_client */;

--
-- Dumping data for table `user_seq`
--

LOCK TABLES `user_seq` WRITE;
/*!40000 ALTER TABLE `user_seq` DISABLE KEYS */;
INSERT INTO `user_seq` VALUES (401);
/*!40000 ALTER TABLE `user_seq` ENABLE KEYS */;
UNLOCK TABLES;

--
-- Table structure for table `visit`
--

DROP TABLE IF EXISTS `visit`;
/*!40101 SET @saved_cs_client     = @@character_set_client */;
/*!50503 SET character_set_client = utf8mb4 */;
CREATE TABLE `visit` (
  `visit_id` bigint NOT NULL AUTO_INCREMENT,
  `visit_time` datetime(6) DEFAULT NULL,
  `room_id` bigint DEFAULT NULL,
  `user_id` bigint DEFAULT NULL,
  PRIMARY KEY (`visit_id`),
  KEY `FKkv37glhgavmp0qxb4iolarbfh` (`room_id`),
  KEY `FKtly3l2y9j92oskaoh7bmx0drt` (`user_id`),
  CONSTRAINT `FKkv37glhgavmp0qxb4iolarbfh` FOREIGN KEY (`room_id`) REFERENCES `room` (`room_id`),
  CONSTRAINT `FKtly3l2y9j92oskaoh7bmx0drt` FOREIGN KEY (`user_id`) REFERENCES `user` (`id`)
) ENGINE=InnoDB AUTO_INCREMENT=71 DEFAULT CHARSET=utf8mb4 COLLATE=utf8mb4_general_ci;
/*!40101 SET character_set_client = @saved_cs_client */;

--
-- Dumping data for table `visit`
--

LOCK TABLES `visit` WRITE;
/*!40000 ALTER TABLE `visit` DISABLE KEYS */;
/*!40000 ALTER TABLE `visit` ENABLE KEYS */;
UNLOCK TABLES;
/*!40103 SET TIME_ZONE=@OLD_TIME_ZONE */;

/*!40101 SET SQL_MODE=@OLD_SQL_MODE */;
/*!40014 SET FOREIGN_KEY_CHECKS=@OLD_FOREIGN_KEY_CHECKS */;
/*!40014 SET UNIQUE_CHECKS=@OLD_UNIQUE_CHECKS */;
/*!40101 SET CHARACTER_SET_CLIENT=@OLD_CHARACTER_SET_CLIENT */;
/*!40101 SET CHARACTER_SET_RESULTS=@OLD_CHARACTER_SET_RESULTS */;
/*!40101 SET COLLATION_CONNECTION=@OLD_COLLATION_CONNECTION */;
/*!40111 SET SQL_NOTES=@OLD_SQL_NOTES */;

-- Dump completed on 2024-02-16  8:33:24
